Workbook

Sheet ok_2
A1: EMPRESS Field | B1: D2 Field | C1: D2 STAGE | D1: Formula | E1: Field
A2: Date of notification | B2: enrolledAt
A3: Organisation unit name | B3: enrollmentOrgUnitName
A4: Diagnostic Initial | B4: x0n3BxFa6SC
A5: Numero Epid | B5: a1asiVlyTbc
A6: Nom | B6: ENRjVGxVL6l
A7: Prénom | B7: sB1IHYu2xQT
A8: Date de naissance | B8: NI0QRzJvQ0k
A9: Sexe à la naissance | B9: oindugucx72
A10: Adresse du domicile | B10: Xhdn49gUd52
A11: Numéro de téléphone du cas | B11: fctSQp5nAYl
A12: Date d'apparition des symptômes | B12: DllEa3TJHNo | C12: GIb6Ge9PCc4
A13: Regional - Sensibilité à la pénicilline | B13: JrIMAA2Ubbl | C13: F9CrPrvrtb1 | D13: IF|F9CrPrvrtb1.VxdyTZMq4fz|Regional|F9CrPrvrtb1.JrIMAA2Ubbl
A14: National - Sensibilité à la pénicilline | B14: JrIMAA2Ubbl | C14: F9CrPrvrtb1 | D14: IF|F9CrPrvrtb1.VxdyTZMq4fz|National|F9CrPrvrtb1.JrIMAA2Ubbl
A15: District - Sensibilité à la pénicilline | B15: JrIMAA2Ubbl | C15: F9CrPrvrtb1 | D15: IF|F9CrPrvrtb1.VxdyTZMq4fz|District|F9CrPrvrtb1.JrIMAA2Ubbl
A16: urlFilter | D16: x0n3BxFa6SC:eq:Meningitis

Sheet Default Filters
A1: Field Name | B1: Field UID | C1: Condition
A2: Diagnostic Initial | B2: x0n3BxFa6SC | C2: eq:Meningitis

Sheet Options Mapping_2
A1: EMPRESS Field | B1: D2 Field | C1: EMPRESS Code | D1: D2 Name | E1: D2 Code | F1: D2 UID
A2: District - Sensibilité à la pénicilline | B2: JrIMAA2Ubbl | C2: =D2 -> Sensible | D2: =VLOOKUP(F2,Feuil4!A:C,3,FALSE()) -> Sensible | E2: S | F2: EVYvzEXNFUK
A3: District - Sensibilité à la pénicilline | B3: JrIMAA2Ubbl | C3: =D3 -> Résistant | D3: =VLOOKUP(F3,Feuil4!A:C,3,FALSE()) -> Résistant | E3: R | F3: u237EKffZdR
A4: District - Sensibilité à la pénicilline | B4: JrIMAA2Ubbl | C4: =D4 -> Non effectué | D4: =VLOOKUP(F4,Feuil4!A:C,3,FALSE()) -> Non effectué | E4: N | F4: Xv0Mlo3ZhTC
A5: District - Sensibilité à la pénicilline | B5: JrIMAA2Ubbl | C5: =D5 -> Intermédiaire | D5: =VLOOKUP(F5,Feuil4!A:C,3,FALSE()) -> Intermédiaire | E5: I | F5: yXpkdd4uD7W
A6: Sexe à la naissance | B6: oindugucx72 | C6: =D6 -> Masculin | D6: Masculin | E6: Male | F6: Ii4IxCLWEFn
A7: Sexe à la naissance | B7: oindugucx72 | C7: =D7 -> Féminin | D7: Féminin | E7: Female | F7: FKKrOBBFgs1
A8: Sensibilité à la pénicilline | B8: JrIMAA2Ubbl | C8: =D8 -> Non effectué | D8: =VLOOKUP(F8,Feuil4!A:C,3,FALSE()) -> Non effectué | E8: N | F8: Xv0Mlo3ZhTC

Sheet Feuil4
A1: id | B1: name | C1: displayName
A2: NBdDIRa3Rm5 | B2: 1 | C2: 1
A3: JArMXhy67fe | B3: 10A | C3: 10A
A4: xHBJ92djEAb | B4: 10F/10C/33C | C4: 10F/10C/33C
A5: WAKvomshcgJ | B5: 11A | C5: 11A
A6: G3htfTNUFbT | B6: 11A/11D | C6: 11A/11D
A7: kf4ivzbSrH9 | B7: 12A | C7: 12A
A8: fptrzTFUsJd | B8: 12F | C8: 12F
A9: kwaz8w1DGWo | B9: 12F/12A/12B/44/46 | C9: 12F/12A/12B/44/46
A10: tkKAl5t103Y | B10: 13 | C10: 13
A11: zeZTB3NQNHF | B11: 14 | C11: 14
A12: gkbcXWEuUOM | B12: 15A/15F | C12: 15A/15F
A13: kXm8ZSUdXnK | B13: 15B | C13: 15B
A14: F1eM5WiVzJi | B14: 15B/15C | C14: 15B/15C
A15: Ax1qCZf27pp | B15: 15C | C15: 15C
A16: LwHRoY86Er3 | B16: 16F | C16: 16F
A17: Fh7dnfV427M | B17: 17F | C17: 17F
A18: Yf8UHYpuhJP | B18: 18A/18B/18C/18F | C18: 18A/18B/18C/18F
A19: iZeEWefcVSi | B19: 18C | C19: 18C
A20: evF9tQ44mrX | B20: 19A | C20: 19A
A21: Sipqj23reqB | B21: 19F | C21: 19F
A22: QUOPvrMopP5 | B22: 2 | C22: 2
A23: j9bg51D2b0x | B23: 20 | C23: 20
A24: qzhSXkZwdo0 | B24: 21 | C24: 21
A25: nTb109meYkH | B25: 22F | C25: 22F
A26: wkasZX0A8wB | B26: 22F/22A | C26: 22F/22A
A27: vfEEsIFaFbY | B27: 23A | C27: 23A
A28: SmXcR3nlROf | B28: 23B | C28: 23B
A29: IgS4bOX8YwA | B29: 23F | C29: 23F
A30: C2C7kQnYQRX | B30: 24A/24B/24F | C30: 24A/24B/24F
A31: hXnMILVefGz | B31: 25F/25A/38 | C31: 25F/25A/38
A32: enu9aXVLPzJ | B32: 3 | C32: 3
A33: rvuUAhe5qiW | B33: 31 | C33: 31
A34: P6MFJpvob5I | B34: 33F | C34: 33F
A35: TqRDF4qfUau | B35: 33F/33A/37 | C35: 33F/33A/37
A36: fLdpFIZ1ZdG | B36: 34 | C36: 34
A37: i3NgGyC1mRn | B37: 35A/35C/42 | C37: 35A/35C/42
A38: gcDzU1Pxk7h | B38: 35B | C38: 35B
A39: NBtkP5CDiAg | B39: 35F/47F | C39: 35F/47F
A40: rddD6vyu7rI | B40: 38 | C40: 38
A41: kppLaZjPG3Z | B41: 39 | C41: 39
A42: ujKx4dXiZOv | B42: 4 | C42: 4
A43: uMTwS1gWbS8 | B43: 45 | C43: 45
A44: vlmmcdlodN3 | B44: 46 | C44: 46
A45: Kkl7Qv0sfyu | B45: 5 | C45: 5
A46: r3P1uDZ9Hkp | B46: 6A | C46: 6A
A47: gBpABR936vr | B47: 6A/6B | C47: 6A/6B
A48: izJWZELCltJ | B48: 6B | C48: 6B
A49: T2vMWkNAeDF | B49: 6C | C49: 6C
A50: e3i8OItHQ7L | B50: 6C/6D | C50: 6C/6D
A51: ClvEmNbP4Vy | B51: 7C/7B/40 | C51: 7C/7B/40
A52: xYHF3twEk8M | B52: 7F | C52: 7F
A53: dsFF6f4yZZq | B53: 7F/7A | C53: 7F/7A
A54: BMzihe4Rnq1 | B54: 8 | C54: 8
A55: Zmtp5HCyA40 | B55: 9A | C55: 9A
A56: eYfEd3raSPZ | B56: 9N | C56: 9N
A57: VVrnJ7cLA3N | B57: 9N/9L | C57: 9N/9L
A58: ENcflZoXl8H | B58: 9V | C58: 9V
A59: fY6DsKfymLW | B59: 9V/9A | C59: 9V/9A
A60: jj7BGmhbbm3 | B60: AEROPORT AIGE | C60: AEROPORT AIGE
A61: Np19wP3KZPh | B61: Adequate | C61: Adéquat
A62: gOO7hoOZEFt | B62: Alive | C62: Vivant
A63: uobHTtAZlr3 | B63: BIOLIM UL | C63: BIOLIM UL
A64: kRyPSNzKk9v | B64: Biopsie | C64: Biopsie
A65: WrxmD7qAdOV | B65: Blood | C65: Sang
A66: Mo0Urr0YbTH | B66: Blood culture broth | C66: Bouillon d'hémoculture
... A207: eM89HmFTF3W | B207: not done | C207: Pas fait

Sheet Feuil1
A1: D2 Field | B1: EMPRESS Field
A2: a1asiVlyTbc | B2: Numero Epid
A3: Aif45J6yuAp | B3: Date vue dans un centre santé
A4: aWLt5NgPpr1 | B4: District - Autres antibiotiques testés
A5: aWLt5NgPpr1 | B5: Regional - Autres antibiotiques testés
A6: aWLt5NgPpr1 | B6: National - Autres antibiotiques testés
A7: BEILQ6B1ilK | B7: SCB - Crises/convulsions
A8: BoIxN7Kfj07 | B8: Devenir du patient
A9: bX9jmncMHLC | B9: District - Résultat final du laboratoire
A10: bX9jmncMHLC | B10: Regional - Résultat final du laboratoire
A11: bX9jmncMHLC | B11: National - Résultat final du laboratoire
A12: CAHdBvzG00V | B12: District - Sensibilité à la ciprofloxacine
... A128: yJBRhOz5h8c | B128: Date à laquelle le cas a été notifié au district

Sheet Fields Mapping
A1: EMPRESS Field | B1: D2 Field | C1: D2 STAGE | D1: Formula | E1: Field | F1: optionSet | G1: Niveau | H1: Initial Field | I1: Field no prefix
A2: =I2 -> Date of notification | B2: enrolledAt | H2: Date of notification | I2: Date of notification
A3: =I3 -> Organisation unit name | B3: enrollmentOrgUnitName | H3: Organisation unit name | I3: Organisation unit name
A4: =I4 -> Diagnostic Initial | B4: x0n3BxFa6SC | F4: NMcuA4uVm6I | H4: Diagnostic Initial | I4: Diagnostic Initial
A5: =I5 -> Numero Epid | B5: a1asiVlyTbc | H5: Numero Epid | I5: Numero Epid
A6: =I6 -> Nom | B6: ENRjVGxVL6l | H6: Nom | I6: Nom
A7: =I7 -> Prénom | B7: sB1IHYu2xQT | H7: Prénom | I7: Prénom
A8: =I8 -> Date de naissance | B8: NI0QRzJvQ0k | H8: Date de naissance | I8: Date de naissance
A9: =I9 -> Sexe à la naissance | B9: oindugucx72 | F9: WDUwjiW2rGH | H9: Sexe à la naissance | I9: Sexe à la naissance
A10: =I10 -> Adresse du domicile | B10: Xhdn49gUd52 | H10: Adresse du domicile | I10: Adresse du domicile
A11: =I11 -> Numéro de téléphone du cas | B11: fctSQp5nAYl | H11: Numéro de téléphone du cas | I11: Numéro de téléphone du cas
A12: =I12 -> Date d'apparition des symptômes | B12: DllEa3TJHNo | C12: GIb6Ge9PCc4 | H12: SBC - Date d'apparition des symptômes | I12: Date d'apparition des symptômes
A13: =I13 -> Date vue dans un centre santé | B13: Aif45J6yuAp | C13: GIb6Ge9PCc4 | H13: SBC - Date vue dans un centre santé | I13: Date vue dans un centre santé
A14: =I14 -> Patients hospitalisés/non hospitalisés | B14: pXGhYbf5cAP | C14: GIb6Ge9PCc4 | F14: UGRaS3Y40qk | H14: SBC - Patients hospitalisés/non hospitalisés | I14: Patients hospitalisés/non hospitalisés
A15: =I15 -> Echantillon prélevé (O/N) | B15: LNRDN39NSfY | C15: GIb6Ge9PCc4 | F15: L6eMZDJkCwX | H15: SBC - Echantillon prélevé (O/N) | I15: Echantillon prélevé (O/N)
A16: =I16 -> Vaccin reçu : MenAfriVac | B16: NMLXJ99HNOw | C16: GIb6Ge9PCc4 | F16: jwAZKGa7FDo | H16: SBC - Vaccin reçu : MenAfriVac | I16: Vaccin reçu : MenAfriVac
A17: =I17 -> Date de la vaccination : MenAfriVac | B17: HhKjMQgPwuQ | C17: GIb6Ge9PCc4 | H17: SBC - Date de la vaccination : MenAfriVac | I17: Date de la vaccination : MenAfriVac
A18: =I18 -> Vaccin reçu : Vaccin méningococcique polyvalent | B18: iZvjnxwGA6Z | C18: GIb6Ge9PCc4 | F18: jwAZKGa7FDo | H18: SBC - Vaccin reçu : Vaccin méningococcique polyvalent | I18: Vaccin reçu : Vaccin méningococcique polyvalent
A19: =I19 -> Date de la vaccination : Vaccin méningococcique polyvalent | B19: uvyJmb0y5TM | C19: GIb6Ge9PCc4 | H19: SBC - Date de la vaccination : Vaccin méningococcique polyvalent | I19: Date de la vaccination : Vaccin méningococcique polyvalent
A20: =I20 -> Vaccin reçu : Hib | B20: XOcfBHNE685 | C20: GIb6Ge9PCc4 | F20: jwAZKGa7FDo | H20: SBC - Vaccin reçu : Hib | I20: Vaccin reçu : Hib
A21: =I21 -> N doses reçues : Hib | B21: poOs5h8X9CD | C21: GIb6Ge9PCc4 | H21: SBC - N doses reçues : Hib | I21: N doses reçues : Hib
A22: =I22 -> Date de la vaccination : Hib | B22: ixy37MXw6pL | C22: GIb6Ge9PCc4 | H22: SBC - Date de la vaccination : Hib | I22: Date de la vaccination : Hib
A23: =I23 -> Vaccin reçu : PCV | B23: S5h2ZUkqLD7 | C23: GIb6Ge9PCc4 | F23: jwAZKGa7FDo | H23: SBC - Vaccin reçu : PCV | I23: Vaccin reçu : PCV
A24: =I24 -> N doses reçues : PCV | B24: l7EjsU6Wu2k | C24: GIb6Ge9PCc4 | H24: SBC - N doses reçues : PCV | I24: N doses reçues : PCV
A25: =I25 -> Date de la vaccination : PCV | B25: RQyRmg1Ry0u | C25: GIb6Ge9PCc4 | H25: SBC - Date de la vaccination : PCV | I25: Date de la vaccination : PCV
A26: =I26 -> Altération de la conscience | B26: iDaqzjHTZRz | C26: GIb6Ge9PCc4 | F26: L6eMZDJkCwX | H26: SBC - Altération de la conscience | I26: Altération de la conscience
A27: =I27 -> Raideur du cou | B27: Ka2QSdJualP | C27: GIb6Ge9PCc4 | F27: L6eMZDJkCwX | H27: CBS - Raideur du cou | I27: Raideur du cou
A28: =I28 -> Fontanelle bombée | B28: XlJGFCsUzKt | C28: GIb6Ge9PCc4 | F28: L6eMZDJkCwX | H28: SBC - Fontanelle bombée | I28: Fontanelle bombée
A29: =I29 -> Fièvre | B29: S45CqdVcFXC | C29: GIb6Ge9PCc4 | F29: L6eMZDJkCwX | H29: CBS - Fièvre | I29: Fièvre
A30: =I30 -> Maux de tête | B30: wGxeDr2tfgp | C30: GIb6Ge9PCc4 | F30: L6eMZDJkCwX | H30: CBS - Maux de tête | I30: Maux de tête
A31: =I31 -> Nausées | B31: OJ0oQWQp0u6 | C31: GIb6Ge9PCc4 | F31: L6eMZDJkCwX | H31: CBS - Nausées | I31: Nausées
A32: =I32 -> Photophobie | B32: U6SJ5TnPU84 | C32: GIb6Ge9PCc4 | F32: L6eMZDJkCwX | H32: SBC - Photophobie | I32: Photophobie
A33: =I33 -> SCB - Crises/convulsions | B33: BEILQ6B1ilK | C33: GIb6Ge9PCc4 | F33: L6eMZDJkCwX | H33: SCB - Crises/convulsions | I33: SCB - Crises/convulsions
A34: =I34 -> Autres signes/symptômes, précisez | B34: heLc9SVsvjT | C34: GIb6Ge9PCc4 | H34: SBC - Autres signes/symptômes, précisez | I34: Autres signes/symptômes, précisez
A35: =I35 -> Date à laquelle le cas a été notifié au district | B35: yJBRhOz5h8c | C35: GIb6Ge9PCc4 | H35: SBC - Date à laquelle le cas a été notifié au district | I35: Date à laquelle le cas a été notifié au district
A36: =I36 -> Nom du notificateur | B36: kiCiB1aRwBe | C36: GIb6Ge9PCc4 | H36: CBS - Nom du notificateur | I36: Nom du notificateur
A37: =I37 -> Téléphone du notificateur | B37: KoYXKIRt0sH | C37: GIb6Ge9PCc4 | H37: SBC - Téléphone du notificateur | I37: Téléphone du notificateur
A38: =I38 -> Personne qui a terminé l'investigation : Nom | B38: rLl9AAjOwyf | C38: GIb6Ge9PCc4 | H38: SBC - Personne qui a terminé l'investigation : Nom | I38: Personne qui a terminé l'investigation : Nom
A39: =I39 -> Personne qui a terminé l'investigation : Contact | B39: Gun6zfKdFmp | C39: GIb6Ge9PCc4 | H39: SBC - Personne qui a terminé l'investigation : Contact | I39: Personne qui a terminé l'investigation : Contact
A40: =I40 -> ID de l'échantillon | B40: ClQKlLa5fL1 | C40: G0ePNuYPT87 | H40: CBS - ID de l'échantillon | I40: ID de l'échantillon
A41: =I41 -> Type d'échantillon | B41: fkqcoDLvzED | C41: G0ePNuYPT87 | F41: B1gNT5HwZzd | H41: CBS - Type d'échantillon | I41: Type d'échantillon
A42: =I42 -> Date de prélèvement de l'échantillon | B42: P36lcIeZyhF | C42: G0ePNuYPT87 | H42: SBC - Date de prélèvement de l'échantillon | I42: Date de prélèvement de l'échantillon
A43: =I43 -> Date d'envoi/expedition de l'échantillon au laboratoire | B43: RfciWN4qeZk | C43: G0ePNuYPT87 | H43: SBC - Date d'envoi/expedition de l'échantillon au laboratoire | I43: Date d'envoi/expedition de l'échantillon au laboratoire
A44: =I44 -> Suivi / niveau laboratoire | B44: VxdyTZMq4fz | C44: F9CrPrvrtb1 | F44: QqiwhL32Qnx | H44: SBC - Suivi / niveau laboratoire | I44: Suivi / niveau laboratoire
A45: =G45&" - "&I45 -> District - Date de réception de l'échantillon | B45: o59BSUIg0Q5 | C45: F9CrPrvrtb1 | D45: ="IF|F9CrPrvrtb1.VxdyTZMq4fz|"&G45&"|"&B45&"."&C45 -> IF|F9CrPrvrtb1.VxdyTZMq4fz|District|o59BSUIg0Q5.F9CrPrvrtb1 | G45: District | H45: SBC - Date de réception de l'échantillon | I45: Date de réception de l'échantillon
A46: =G46&" - "&I46 -> District - Identification du laboratoire | B46: fhS3GrGepCn | C46: F9CrPrvrtb1 | D46: ="IF|F9CrPrvrtb1.VxdyTZMq4fz|"&G46&"|"&B46&"."&C46 -> IF|F9CrPrvrtb1.VxdyTZMq4fz|District|fhS3GrGepCn.F9CrPrvrtb1 | G46: District | H46: SBC - Identification du laboratoire | I46: Identification du laboratoire
A47: =G47&" - "&I47 -> District - Nom du laboratoire | B47: hN5qrbGeYnF | C47: F9CrPrvrtb1 | D47: ="IF|F9CrPrvrtb1.VxdyTZMq4fz|"&G47&"|"&B47&"."&C47 -> IF|F9CrPrvrtb1.VxdyTZMq4fz|District|hN5qrbGeYnF.F9CrPrvrtb1 | F47: wwsRUTUADaC | G47: District | H47: SBC - Nom du laboratoire | I47: Nom du laboratoire
A48: =G48&" - "&I48 -> District - État de l'échantillon | B48: kBBrPq9mMEw | C48: F9CrPrvrtb1 | D48: ="IF|F9CrPrvrtb1.VxdyTZMq4fz|"&G48&"|"&B48&"."&C48 -> IF|F9CrPrvrtb1.VxdyTZMq4fz|District|kBBrPq9mMEw.F9CrPrvrtb1 | F48: eaMelH0BBBS | G48: District | H48: SBC - État de l'échantillon | I48: État de l'échantillon
A49: =G49&" - "&I49 -> District - Aspect de l'échantillon / examen macroscopique (LCR) | B49: LjgDKL4jm5K | C49: F9CrPrvrtb1 | D49: ="IF|F9CrPrvrtb1.VxdyTZMq4fz|"&G49&"|"&B49&"."&C49 -> IF|F9CrPrvrtb1.VxdyTZMq4fz|District|LjgDKL4jm5K.F9CrPrvrtb1 | F49: EalirBcrjvI | G49: District | H49: SBC - Aspect de l'échantillon / examen macroscopique (LCR) | I49: Aspect de l'échantillon / examen macroscopique (LCR)
A50: =G50&" - "&I50 -> District - Résultat de la coloration de Gram | B50: jo9nGjYxvxJ | C50: F9CrPrvrtb1 | D50: ="IF|F9CrPrvrtb1.VxdyTZMq4fz|"&G50&"|"&B50&"."&C50 -> IF|F9CrPrvrtb1.VxdyTZMq4fz|District|jo9nGjYxvxJ.F9CrPrvrtb1 | F50: UzK9tU5jYMZ | G50: District | H50: SBC - Résultat de la coloration de Gram | I50: Résultat de la coloration de Gram
A51: =G51&" - "&I51 -> District - Résultat de l'agglutination du latex | B51: IiInVS6fKH3 | C51: F9CrPrvrtb1 | D51: ="IF|F9CrPrvrtb1.VxdyTZMq4fz|"&G51&"|"&B51&"."&C51 -> IF|F9CrPrvrtb1.VxdyTZMq4fz|District|IiInVS6fKH3.F9CrPrvrtb1 | F51: OHgvEaqgG1h | G51: District | H51: SBC - Résultat de l'agglutination du latex | I51: Résultat de l'agglutination du latex
A52: =G52&" - "&I52 -> District - test TDR utilisé (préciser) | B52: jG9A796Xvo8 | C52: F9CrPrvrtb1 | D52: ="IF|F9CrPrvrtb1.VxdyTZMq4fz|"&G52&"|"&B52&"."&C52 -> IF|F9CrPrvrtb1.VxdyTZMq4fz|District|jG9A796Xvo8.F9CrPrvrtb1 | G52: District | H52: SBC - test TDR utilisé (préciser) | I52: test TDR utilisé (préciser)
A53: =G53&" - "&I53 -> District - Résultat du TDR | B53: jC5HBD3N2h5 | C53: F9CrPrvrtb1 | D53: ="IF|F9CrPrvrtb1.VxdyTZMq4fz|"&G53&"|"&B53&"."&C53 -> IF|F9CrPrvrtb1.VxdyTZMq4fz|District|jC5HBD3N2h5.F9CrPrvrtb1 | F53: w4ORp8djCqL | G53: District | H53: SBC - Résultat du TDR | I53: Résultat du TDR
A54: =G54&" - "&I54 -> District - Résultat de la culture | B54: dYZ8yAOfGfN | C54: F9CrPrvrtb1 | D54: ="IF|F9CrPrvrtb1.VxdyTZMq4fz|"&G54&"|"&B54&"."&C54 -> IF|F9CrPrvrtb1.VxdyTZMq4fz|District|dYZ8yAOfGfN.F9CrPrvrtb1 | F54: w4ORp8djCqL | G54: District | H54: CBS - Résultat de la culture | I54: Résultat de la culture
A55: =G55&" - "&I55 -> District - Numération des globules blancs | B55: sqSuC1ehij1 | C55: F9CrPrvrtb1 | D55: ="IF|F9CrPrvrtb1.VxdyTZMq4fz|"&G55&"|"&B55&"."&C55 -> IF|F9CrPrvrtb1.VxdyTZMq4fz|District|sqSuC1ehij1.F9CrPrvrtb1 | G55: District | H55: SBC - Numération des globules blancs | I55: Numération des globules blancs
A56: =G56&" - "&I56 -> District - Date du PCR | B56: vbRIm76FqPH | C56: F9CrPrvrtb1 | D56: ="IF|F9CrPrvrtb1.VxdyTZMq4fz|"&G56&"|"&B56&"."&C56 -> IF|F9CrPrvrtb1.VxdyTZMq4fz|District|vbRIm76FqPH.F9CrPrvrtb1 | G56: District | H56: SBC - Date du PCR | I56: Date du PCR
A57: =G57&" - "&I57 -> District - Résultat du PCR | B57: VXC7HA1ypLa | C57: F9CrPrvrtb1 | D57: ="IF|F9CrPrvrtb1.VxdyTZMq4fz|"&G57&"|"&B57&"."&C57 -> IF|F9CrPrvrtb1.VxdyTZMq4fz|District|VXC7HA1ypLa.F9CrPrvrtb1 | F57: w4ORp8djCqL | G57: District | H57: SBC - Résultat du PCR | I57: Résultat du PCR
A58: =G58&" - "&I58 -> District - Etat frais | B58: juvZrUT1h3P | C58: F9CrPrvrtb1 | D58: ="IF|F9CrPrvrtb1.VxdyTZMq4fz|"&G58&"|"&B58&"."&C58 -> IF|F9CrPrvrtb1.VxdyTZMq4fz|District|juvZrUT1h3P.F9CrPrvrtb1 | G58: District | H58: CBS - Etat frais | I58: Etat frais
A59: =G59&" - "&I59 -> District - LYMPH(%) | B59: fw1kz1gpanC | C59: F9CrPrvrtb1 | D59: ="IF|F9CrPrvrtb1.VxdyTZMq4fz|"&G59&"|"&B59&"."&C59 -> IF|F9CrPrvrtb1.VxdyTZMq4fz|District|fw1kz1gpanC.F9CrPrvrtb1 | G59: District | H59: CBS - LYMPH(%) | I59: LYMPH(%)
A60: =G60&" - "&I60 -> District - PN(%) | B60: WFrppPdafQl | C60: F9CrPrvrtb1 | D60: ="IF|F9CrPrvrtb1.VxdyTZMq4fz|"&G60&"|"&B60&"."&C60 -> IF|F9CrPrvrtb1.VxdyTZMq4fz|District|WFrppPdafQl.F9CrPrvrtb1 | G60: District | H60: CBS - PN(%) | I60: PN(%)
A61: =G61&" - "&I61 -> District - Sensibilité à la pénicilline | B61: JrIMAA2Ubbl | C61: F9CrPrvrtb1 | D61: ="IF|F9CrPrvrtb1.VxdyTZMq4fz|"&G61&"|"&B61&"."&C61 -> IF|F9CrPrvrtb1.VxdyTZMq4fz|District|JrIMAA2Ubbl.F9CrPrvrtb1 | F61: KwI1lXim3MW | G61: District | H61: SBC - Sensibilité à la pénicilline | I61: Sensibilité à la pénicilline
A62: =G62&" - "&I62 -> District - Sensibilité à la ceftriaxone | B62: jXANIQUFvqc | C62: F9CrPrvrtb1 | D62: ="IF|F9CrPrvrtb1.VxdyTZMq4fz|"&G62&"|"&B62&"."&C62 -> IF|F9CrPrvrtb1.VxdyTZMq4fz|District|jXANIQUFvqc.F9CrPrvrtb1 | F62: KwI1lXim3MW | G62: District | H62: SBC - Sensibilité à la ceftriaxone | I62: Sensibilité à la ceftriaxone
A63: =G63&" - "&I63 -> District - Sensibilité à la ciprofloxacine | B63: CAHdBvzG00V | C63: F9CrPrvrtb1 | D63: ="IF|F9CrPrvrtb1.VxdyTZMq4fz|"&G63&"|"&B63&"."&C63 -> IF|F9CrPrvrtb1.VxdyTZMq4fz|District|CAHdBvzG00V.F9CrPrvrtb1 | F63: KwI1lXim3MW | G63: District | H63: SBC - Sensibilité à la ciprofloxacine | I63: Sensibilité à la ciprofloxacine
A64: =G64&" - "&I64 -> District - Sensibilité à l'oxacilline | B64: E4SfiWAIaTR | C64: F9CrPrvrtb1 | D64: ="IF|F9CrPrvrtb1.VxdyTZMq4fz|"&G64&"|"&B64&"."&C64 -> IF|F9CrPrvrtb1.VxdyTZMq4fz|District|E4SfiWAIaTR.F9CrPrvrtb1 | F64: KwI1lXim3MW | G64: District | H64: SBC - Sensibilité à l'oxacilline | I64: Sensibilité à l'oxacilline
A65: =G65&" - "&I65 -> District - Autres antibiotiques testés | B65: aWLt5NgPpr1 | C65: F9CrPrvrtb1 | D65: ="IF|F9CrPrvrtb1.VxdyTZMq4fz|"&G65&"|"&B65&"."&C65 -> IF|F9CrPrvrtb1.VxdyTZMq4fz|District|aWLt5NgPpr1.F9CrPrvrtb1 | G65: District | H65: SBC - Autres antibiotiques testés | I65: Autres antibiotiques testés
A66: =G66&" - "&I66 -> District - résultat de l'analyse d'autres antibiotiques | B66: TTZyNR1cSkI | C66: F9CrPrvrtb1 | D66: ="IF|F9CrPrvrtb1.VxdyTZMq4fz|"&G66&"|"&B66&"."&C66 -> IF|F9CrPrvrtb1.VxdyTZMq4fz|District|TTZyNR1cSkI.F9CrPrvrtb1 | F66: KwI1lXim3MW | G66: District | H66: SBC - résultat de l'analyse d'autres antibiotiques | I66: résultat de l'analyse d'autres antibiotiques
A67: =G67&" - "&I67 -> District - Autres résultats de tests | B67: j8xNVOBsWMr | C67: F9CrPrvrtb1 | D67: ="IF|F9CrPrvrtb1.VxdyTZMq4fz|"&G67&"|"&B67&"."&C67 -> IF|F9CrPrvrtb1.VxdyTZMq4fz|District|j8xNVOBsWMr.F9CrPrvrtb1 | G67: District | H67: SBC - Autres résultats de tests | I67: Autres résultats de tests
A68: =G68&" - "&I68 -> District - Résultat final du laboratoire | B68: bX9jmncMHLC | C68: F9CrPrvrtb1 | D68: ="IF|F9CrPrvrtb1.VxdyTZMq4fz|"&G68&"|"&B68&"."&C68 -> IF|F9CrPrvrtb1.VxdyTZMq4fz|District|bX9jmncMHLC.F9CrPrvrtb1 | F68: eBxOAni5Ft6 | G68: District | H68: SBC - Résultat final du laboratoire | I68: Résultat final du laboratoire
A69: =G69&" - "&I69 -> District - sérotype S. pneumoniae | B69: HoNyj7eawmh | C69: F9CrPrvrtb1 | D69: ="IF|F9CrPrvrtb1.VxdyTZMq4fz|"&G69&"|"&B69&"."&C69 -> IF|F9CrPrvrtb1.VxdyTZMq4fz|District|HoNyj7eawmh.F9CrPrvrtb1 | F69: sHYn8fZrgs7 | G69: District | H69: SBC - sérotype S. pneumoniae | I69: sérotype S. pneumoniae
A70: =G70&" - "&I70 -> District - Date d'envoi des résultats finaux du laboratoire au ministère de la santé | B70: sBqrtlW8hGb | C70: F9CrPrvrtb1 | D70: ="IF|F9CrPrvrtb1.VxdyTZMq4fz|"&G70&"|"&B70&"."&C70 -> IF|F9CrPrvrtb1.VxdyTZMq4fz|District|sBqrtlW8hGb.F9CrPrvrtb1 | G70: District | H70: SBC - Date d'envoi des résultats finaux du laboratoire au ministère de la santé | I70: Date d'envoi des résultats finaux du laboratoire au ministère de la santé
A71: =G71&" - "&I71 -> District - Date d'envoi des résultats finaux du laboratoire au district | B71: UZJj6L9XCd8 | C71: F9CrPrvrtb1 | D71: ="IF|F9CrPrvrtb1.VxdyTZMq4fz|"&G71&"|"&B71&"."&C71 -> IF|F9CrPrvrtb1.VxdyTZMq4fz|District|UZJj6L9XCd8.F9CrPrvrtb1 | G71: District | H71: SBC - Date d'envoi des résultats finaux du laboratoire au district | I71: Date d'envoi des résultats finaux du laboratoire au district
A72: =G72&" - "&I72 -> Regional - Date de réception de l'échantillon | B72: o59BSUIg0Q5 | C72: F9CrPrvrtb1 | D72: ="IF|F9CrPrvrtb1.VxdyTZMq4fz|"&G72&"|"&B72&"."&C72 -> IF|F9CrPrvrtb1.VxdyTZMq4fz|Regional|o59BSUIg0Q5.F9CrPrvrtb1 | G72: Regional | H72: SBC - Date de réception de l'échantillon | I72: Date de réception de l'échantillon
A73: =G73&" - "&I73 -> Regional - Identification du laboratoire | B73: fhS3GrGepCn | C73: F9CrPrvrtb1 | D73: ="IF|F9CrPrvrtb1.VxdyTZMq4fz|"&G73&"|"&B73&"."&C73 -> IF|F9CrPrvrtb1.VxdyTZMq4fz|Regional|fhS3GrGepCn.F9CrPrvrtb1 | G73: Regional | H73: SBC - Identification du laboratoire | I73: Identification du laboratoire
A74: =G74&" - "&I74 -> Regional - Nom du laboratoire | B74: hN5qrbGeYnF | C74: F9CrPrvrtb1 | D74: ="IF|F9CrPrvrtb1.VxdyTZMq4fz|"&G74&"|"&B74&"."&C74 -> IF|F9CrPrvrtb1.VxdyTZMq4fz|Regional|hN5qrbGeYnF.F9CrPrvrtb1 | F74: wwsRUTUADaC | G74: Regional | H74: SBC - Nom du laboratoire | I74: Nom du laboratoire
A75: =G75&" - "&I75 -> Regional - État de l'échantillon | B75: kBBrPq9mMEw | C75: F9CrPrvrtb1 | D75: ="IF|F9CrPrvrtb1.VxdyTZMq4fz|"&G75&"|"&B75&"."&C75 -> IF|F9CrPrvrtb1.VxdyTZMq4fz|Regional|kBBrPq9mMEw.F9CrPrvrtb1 | F75: eaMelH0BBBS | G75: Regional | H75: SBC - État de l'échantillon | I75: État de l'échantillon
A76: =G76&" - "&I76 -> Regional - Aspect de l'échantillon / examen macroscopique (LCR) | B76: LjgDKL4jm5K | C76: F9CrPrvrtb1 | D76: ="IF|F9CrPrvrtb1.VxdyTZMq4fz|"&G76&"|"&B76&"."&C76 -> IF|F9CrPrvrtb1.VxdyTZMq4fz|Regional|LjgDKL4jm5K.F9CrPrvrtb1 | F76: EalirBcrjvI | G76: Regional | H76: SBC - Aspect de l'échantillon / examen macroscopique (LCR) | I76: Aspect de l'échantillon / examen macroscopique (LCR)
A77: =G77&" - "&I77 -> Regional - Résultat de la coloration de Gram | B77: jo9nGjYxvxJ | C77: F9CrPrvrtb1 | D77: ="IF|F9CrPrvrtb1.VxdyTZMq4fz|"&G77&"|"&B77&"."&C77 -> IF|F9CrPrvrtb1.VxdyTZMq4fz|Regional|jo9nGjYxvxJ.F9CrPrvrtb1 | F77: UzK9tU5jYMZ | G77: Regional | H77: SBC - Résultat de la coloration de Gram | I77: Résultat de la coloration de Gram
A78: =G78&" - "&I78 -> Regional - Résultat de l'agglutination du latex | B78: IiInVS6fKH3 | C78: F9CrPrvrtb1 | D78: ="IF|F9CrPrvrtb1.VxdyTZMq4fz|"&G78&"|"&B78&"."&C78 -> IF|F9CrPrvrtb1.VxdyTZMq4fz|Regional|IiInVS6fKH3.F9CrPrvrtb1 | F78: OHgvEaqgG1h | G78: Regional | H78: SBC - Résultat de l'agglutination du latex | I78: Résultat de l'agglutination du latex
A79: =G79&" - "&I79 -> Regional - test TDR utilisé (préciser) | B79: jG9A796Xvo8 | C79: F9CrPrvrtb1 | D79: ="IF|F9CrPrvrtb1.VxdyTZMq4fz|"&G79&"|"&B79&"."&C79 -> IF|F9CrPrvrtb1.VxdyTZMq4fz|Regional|jG9A796Xvo8.F9CrPrvrtb1 | G79: Regional | H79: SBC - test TDR utilisé (préciser) | I79: test TDR utilisé (préciser)
A80: =G80&" - "&I80 -> Regional - Résultat du TDR | B80: jC5HBD3N2h5 | C80: F9CrPrvrtb1 | D80: ="IF|F9CrPrvrtb1.VxdyTZMq4fz|"&G80&"|"&B80&"."&C80 -> IF|F9CrPrvrtb1.VxdyTZMq4fz|Regional|jC5HBD3N2h5.F9CrPrvrtb1 | F80: w4ORp8djCqL | G80: Regional | H80: SBC - Résultat du TDR | I80: Résultat du TDR
A81: =G81&" - "&I81 -> Regional - Résultat de la culture | B81: dYZ8yAOfGfN | C81: F9CrPrvrtb1 | D81: ="IF|F9CrPrvrtb1.VxdyTZMq4fz|"&G81&"|"&B81&"."&C81 -> IF|F9CrPrvrtb1.VxdyTZMq4fz|Regional|dYZ8yAOfGfN.F9CrPrvrtb1 | F81: w4ORp8djCqL | G81: Regional | H81: CBS - Résultat de la culture | I81: Résultat de la culture
A82: =G82&" - "&I82 -> Regional - Numération des globules blancs | B82: sqSuC1ehij1 | C82: F9CrPrvrtb1 | D82: ="IF|F9CrPrvrtb1.VxdyTZMq4fz|"&G82&"|"&B82&"."&C82 -> IF|F9CrPrvrtb1.VxdyTZMq4fz|Regional|sqSuC1ehij1.F9CrPrvrtb1 | G82: Regional | H82: SBC - Numération des globules blancs | I82: Numération des globules blancs
A83: =G83&" - "&I83 -> Regional - Date du PCR | B83: vbRIm76FqPH | C83: F9CrPrvrtb1 | D83: ="IF|F9CrPrvrtb1.VxdyTZMq4fz|"&G83&"|"&B83&"."&C83 -> IF|F9CrPrvrtb1.VxdyTZMq4fz|Regional|vbRIm76FqPH.F9CrPrvrtb1 | G83: Regional | H83: SBC - Date du PCR | I83: Date du PCR
A84: =G84&" - "&I84 -> Regional - Résultat du PCR | B84: VXC7HA1ypLa | C84: F9CrPrvrtb1 | D84: ="IF|F9CrPrvrtb1.VxdyTZMq4fz|"&G84&"|"&B84&"."&C84 -> IF|F9CrPrvrtb1.VxdyTZMq4fz|Regional|VXC7HA1ypLa.F9CrPrvrtb1 | F84: w4ORp8djCqL | G84: Regional | H84: SBC - Résultat du PCR | I84: Résultat du PCR
A85: =G85&" - "&I85 -> Regional - Etat frais | B85: juvZrUT1h3P | C85: F9CrPrvrtb1 | D85: ="IF|F9CrPrvrtb1.VxdyTZMq4fz|"&G85&"|"&B85&"."&C85 -> IF|F9CrPrvrtb1.VxdyTZMq4fz|Regional|juvZrUT1h3P.F9CrPrvrtb1 | G85: Regional | H85: CBS - Etat frais | I85: Etat frais
A86: =G86&" - "&I86 -> Regional - LYMPH(%) | B86: fw1kz1gpanC | C86: F9CrPrvrtb1 | D86: ="IF|F9CrPrvrtb1.VxdyTZMq4fz|"&G86&"|"&B86&"."&C86 -> IF|F9CrPrvrtb1.VxdyTZMq4fz|Regional|fw1kz1gpanC.F9CrPrvrtb1 | G86: Regional | H86: CBS - LYMPH(%) | I86: LYMPH(%)
A87: =G87&" - "&I87 -> Regional - PN(%) | B87: WFrppPdafQl | C87: F9CrPrvrtb1 | D87: ="IF|F9CrPrvrtb1.VxdyTZMq4fz|"&G87&"|"&B87&"."&C87 -> IF|F9CrPrvrtb1.VxdyTZMq4fz|Regional|WFrppPdafQl.F9CrPrvrtb1 | G87: Regional | H87: CBS - PN(%) | I87: PN(%)
A88: =G88&" - "&I88 -> Regional - Sensibilité à la pénicilline | B88: JrIMAA2Ubbl | C88: F9CrPrvrtb1 | D88: ="IF|F9CrPrvrtb1.VxdyTZMq4fz|"&G88&"|"&B88&"."&C88 -> IF|F9CrPrvrtb1.VxdyTZMq4fz|Regional|JrIMAA2Ubbl.F9CrPrvrtb1 | F88: KwI1lXim3MW | G88: Regional | H88: SBC - Sensibilité à la pénicilline | I88: Sensibilité à la pénicilline
A89: =G89&" - "&I89 -> Regional - Sensibilité à la ceftriaxone | B89: jXANIQUFvqc | C89: F9CrPrvrtb1 | D89: ="IF|F9CrPrvrtb1.VxdyTZMq4fz|"&G89&"|"&B89&"."&C89 -> IF|F9CrPrvrtb1.VxdyTZMq4fz|Regional|jXANIQUFvqc.F9CrPrvrtb1 | F89: KwI1lXim3MW | G89: Regional | H89: SBC - Sensibilité à la ceftriaxone | I89: Sensibilité à la ceftriaxone
A90: =G90&" - "&I90 -> Regional - Sensibilité à la ciprofloxacine | B90: CAHdBvzG00V | C90: F9CrPrvrtb1 | D90: ="IF|F9CrPrvrtb1.VxdyTZMq4fz|"&G90&"|"&B90&"."&C90 -> IF|F9CrPrvrtb1.VxdyTZMq4fz|Regional|CAHdBvzG00V.F9CrPrvrtb1 | F90: KwI1lXim3MW | G90: Regional | H90: SBC - Sensibilité à la ciprofloxacine | I90: Sensibilité à la ciprofloxacine
A91: =G91&" - "&I91 -> Regional - Sensibilité à l'oxacilline | B91: E4SfiWAIaTR | C91: F9CrPrvrtb1 | D91: ="IF|F9CrPrvrtb1.VxdyTZMq4fz|"&G91&"|"&B91&"."&C91 -> IF|F9CrPrvrtb1.VxdyTZMq4fz|Regional|E4SfiWAIaTR.F9CrPrvrtb1 | F91: KwI1lXim3MW | G91: Regional | H91: SBC - Sensibilité à l'oxacilline | I91: Sensibilité à l'oxacilline
A92: =G92&" - "&I92 -> Regional - Autres antibiotiques testés | B92: aWLt5NgPpr1 | C92: F9CrPrvrtb1 | D92: ="IF|F9CrPrvrtb1.VxdyTZMq4fz|"&G92&"|"&B92&"."&C92 -> IF|F9CrPrvrtb1.VxdyTZMq4fz|Regional|aWLt5NgPpr1.F9CrPrvrtb1 | G92: Regional | H92: SBC - Autres antibiotiques testés | I92: Autres antibiotiques testés
A93: =G93&" - "&I93 -> Regional - résultat de l'analyse d'autres antibiotiques | B93: TTZyNR1cSkI | C93: F9CrPrvrtb1 | D93: ="IF|F9CrPrvrtb1.VxdyTZMq4fz|"&G93&"|"&B93&"."&C93 -> IF|F9CrPrvrtb1.VxdyTZMq4fz|Regional|TTZyNR1cSkI.F9CrPrvrtb1 | F93: KwI1lXim3MW | G93: Regional | H93: SBC - résultat de l'analyse d'autres antibiotiques | I93: résultat de l'analyse d'autres antibiotiques
A94: =G94&" - "&I94 -> Regional - Autres résultats de tests | B94: j8xNVOBsWMr | C94: F9CrPrvrtb1 | D94: ="IF|F9CrPrvrtb1.VxdyTZMq4fz|"&G94&"|"&B94&"."&C94 -> IF|F9CrPrvrtb1.VxdyTZMq4fz|Regional|j8xNVOBsWMr.F9CrPrvrtb1 | G94: Regional | H94: SBC - Autres résultats de tests | I94: Autres résultats de tests
A95: =G95&" - "&I95 -> Regional - Résultat final du laboratoire | B95: bX9jmncMHLC | C95: F9CrPrvrtb1 | D95: ="IF|F9CrPrvrtb1.VxdyTZMq4fz|"&G95&"|"&B95&"."&C95 -> IF|F9CrPrvrtb1.VxdyTZMq4fz|Regional|bX9jmncMHLC.F9CrPrvrtb1 | F95: eBxOAni5Ft6 | G95: Regional | H95: SBC - Résultat final du laboratoire | I95: Résultat final du laboratoire
A96: =G96&" - "&I96 -> Regional - sérotype S. pneumoniae | B96: HoNyj7eawmh | C96: F9CrPrvrtb1 | D96: ="IF|F9CrPrvrtb1.VxdyTZMq4fz|"&G96&"|"&B96&"."&C96 -> IF|F9CrPrvrtb1.VxdyTZMq4fz|Regional|HoNyj7eawmh.F9CrPrvrtb1 | F96: sHYn8fZrgs7 | G96: Regional | H96: SBC - sérotype S. pneumoniae | I96: sérotype S. pneumoniae
A97: =G97&" - "&I97 -> Regional - Date d'envoi des résultats finaux du laboratoire au ministère de la santé | B97: sBqrtlW8hGb | C97: F9CrPrvrtb1 | D97: ="IF|F9CrPrvrtb1.VxdyTZMq4fz|"&G97&"|"&B97&"."&C97 -> IF|F9CrPrvrtb1.VxdyTZMq4fz|Regional|sBqrtlW8hGb.F9CrPrvrtb1 | G97: Regional | H97: SBC - Date d'envoi des résultats finaux du laboratoire au ministère de la santé | I97: Date d'envoi des résultats finaux du laboratoire au ministère de la santé
A98: =G98&" - "&I98 -> Regional - Date d'envoi des résultats finaux du laboratoire au district | B98: UZJj6L9XCd8 | C98: F9CrPrvrtb1 | D98: ="IF|F9CrPrvrtb1.VxdyTZMq4fz|"&G98&"|"&B98&"."&C98 -> IF|F9CrPrvrtb1.VxdyTZMq4fz|Regional|UZJj6L9XCd8.F9CrPrvrtb1 | G98: Regional | H98: SBC - Date d'envoi des résultats finaux du laboratoire au district | I98: Date d'envoi des résultats finaux du laboratoire au district
A99: =G99&" - "&I99 -> National - Date de réception de l'échantillon | B99: o59BSUIg0Q5 | C99: F9CrPrvrtb1 | D99: ="IF|F9CrPrvrtb1.VxdyTZMq4fz|"&G99&"|"&B99&"."&C99 -> IF|F9CrPrvrtb1.VxdyTZMq4fz|National|o59BSUIg0Q5.F9CrPrvrtb1 | G99: National | H99: SBC - Date de réception de l'échantillon | I99: Date de réception de l'échantillon
A100: =G100&" - "&I100 -> National - Identification du laboratoire | B100: fhS3GrGepCn | C100: F9CrPrvrtb1 | D100: ="IF|F9CrPrvrtb1.VxdyTZMq4fz|"&G100&"|"&B100&"."&C100 -> IF|F9CrPrvrtb1.VxdyTZMq4fz|National|fhS3GrGepCn.F9CrPrvrtb1 | G100: National | H100: SBC - Identification du laboratoire | I100: Identification du laboratoire
...

Sheet Options Mapping (2)
A1: EMPRESS Field | B1: D2 Field | C1: EMPRESS Code | D1: D2 Name | E1: D2 Code | F1: D2 UID
A2: Disease | B2: tg3fqjuPkHH | C2: Abalone Herpes | D2: Abalone Herpes | E2: ABALONE_HERPES | F2: UwAcZD55IfP
A3: Control Measure | B3: QtlBNbnLxdG | C3: Vector surveillance | D3: Vector surveillance | E3: VECTOR_SURVEILLANCE | F3: g0G6Dbsx5nB
A4: Control Measure | B4: QtlBNbnLxdG | C4: Zoning | D4: Zoning | E4: ZONING | F4: VfHVv5ZD73O

Sheet Options Mapping (3)
A1: EMPRESS Field | B1: D2 Field | C1: EMPRESS Code | D1: D2 Name | E1: D2 Code | F1: D2 UID
A2: =VLOOKUP(B2,Feuil1!A:B,2,FALSE()) -> #N/A | B2: HwSwRBG2Cpp | C2: Hi+Nm | D2: Hi+Nm | E2: Hi+Nm | F2: A2DK3hiUDxr
A3: =VLOOKUP(B3,Feuil1!A:B,2,FALSE()) -> #N/A | B3: BLiSlEmoEQH | C3: Confirmed rubella by lab | D3: Confirmed rubella by lab | E3: CR | F3: a2Yv4qpjCcA
A4: =VLOOKUP(B4,Feuil1!A:B,2,FALSE()) -> #N/A | B4: lGuhEqTT3jU | C4: Suspected septicaemia | D4: Suspected septicaemia | E4: SS | F4: a2ZW0EWI4U0
A5: =VLOOKUP(B5,Feuil1!A:B,2,FALSE()) -> #N/A | B5: zMCLYCkfLPu | C5: -20 Degrees freezer | D5: -20 Degrees freezer | E5: (-20 Degrees freezer) | F5: A3kupijmXZA
A6: =VLOOKUP(B6,Feuil1!A:B,2,FALSE()) -> #N/A | B6: ZJclgdesFio | C6: Unknown | D6: Unknown | E6: Unknown | F6: A8HHcjNFAaF
A7: =VLOOKUP(B7,Feuil1!A:B,2,FALSE()) -> #N/A | B7: omOhi3bZQac | C7: Primary | D7: Primary | E7: P | F7: aakDyGcFNwx
A8: =VLOOKUP(B8,Feuil1!A:B,2,FALSE()) -> #N/A | B8: BLiSlEmoEQH | C8: Confirmed Meningitis | D8: Confirmed Meningitis | E8: CMEN | F8: AbmVJ4IY9lv
A9: =VLOOKUP(B9,Feuil1!A:B,2,FALSE()) -> #N/A | B9: EUHTH2BvMzO | C9: Invalid | D9: Invalid | E9: Invalid | F9: abYRSAhjmqp
A10: =VLOOKUP(B10,Feuil1!A:B,2,FALSE()) -> #N/A | B10: LrneYsPjbbn | C10: PV3 NonSabin-like | D10: PV3 NonSabin-like | E10: PV3 NonSabin-like | F10: AdAUCLNoUh8
A11: =VLOOKUP(B11,Feuil1!A:B,2,FALSE()) -> #N/A | B11: sTWEbIbZUr0 | C11: cVDPV | D11: cVDPV | E11: cVDPV | F11: AdSnG8v079a
A12: =VLOOKUP(B12,Feuil1!A:B,2,FALSE()) -> #N/A | B12: KPIgrw9vFHF | C12: None | D12: None | E12: None | F12: ahwk3Ci79lN
A13: =VLOOKUP(B13,Feuil1!A:B,2,FALSE()) -> #N/A | B13: UjylMjMKDCO | C13: NPEV | D13: NPEV | E13: NPEV | F13: aI48blbEp3p
... A36: =VLOOKUP(B36,Feuil1!A:B,2,FALSE()) -> #N/A | B36: AcIsZWT4zdi | C36: Binax | D36: Binax | E36: Binax | F36: BmOUdTOPBwG
A37: =VLOOKUP(B37,Feuil1!A:B,2,FALSE()) -> District - sérotype S. pneumoniae | B37: HoNyj7eawmh | C37: 8 | D37: 8 | E37: 8 | F37: BMzihe4Rnq1
A38: =VLOOKUP(B38,Feuil1!A:B,2,FALSE()) -> #N/A | B38: AcIsZWT4zdi | C38: Biochemical identification | D38: Biochemical identification | E38: Bio | F38: bPGhgNUfrkt
A39: =VLOOKUP(B39,Feuil1!A:B,2,FALSE()) -> #N/A | B39: EUHTH2BvMzO | C39: PV1 SL | D39: PV1 SL | E39: PV1 SL | F39: BsHHLgd1MPf
A40: =VLOOKUP(B40,Feuil1!A:B,2,FALSE()) -> #N/A | B40: qh41p4G1g0G | C40: Household relative | D40: Household relative | E40: Household relative | F40: BUiMl3qNb9r
A41: =VLOOKUP(B41,Feuil1!A:B,2,FALSE()) -> #N/A | B41: pldzDqPMQsd | C41: NPENT | D41: NPENT | E41: NPENT | F41: BXhm92XlyE4
A42: =VLOOKUP(B42,Feuil1!A:B,2,FALSE()) -> District - Résultat de l'agglutination du latex | B42: IiInVS6fKH3 | C42: Not done | D42: Not done | E42: Not done | F42: BxMAmql162T
A43: =VLOOKUP(B43,Feuil1!A:B,2,FALSE()) -> District - Nom du laboratoire | B43: hN5qrbGeYnF | C43: CHR ATAKPAME | D43: CHR ATAKPAME | E43: CHR ATAKPAME | F43: bZ4GrqqrOPi
A44: =VLOOKUP(B44,Feuil1!A:B,2,FALSE()) -> #N/A | B44: EUHTH2BvMzO | C44: Not Required | D44: Not Required | E44: Not Required | F44: BzfNw6hAbsg
A45: =VLOOKUP(B45,Feuil1!A:B,2,FALSE()) -> #N/A | B45: LJfPj1oVhpe | C45: Other (specify) | D45: Other (specify) | E45: Other (specify) | F45: bznMeyWKXyQ
A46: =VLOOKUP(B46,Feuil1!A:B,2,FALSE()) -> #N/A | B46: EUHTH2BvMzO | C46: PV2 NSL | D46: PV2 NSL | E46: PV2 NSL | F46: C02DYu0V3V7
A47: =VLOOKUP(B47,Feuil1!A:B,2,FALSE()) -> District - sérotype S. pneumoniae | B47: HoNyj7eawmh | C47: 24A/24B/24F | D47: 24A/24B/24F | E47: 24A/24B/24F | F47: C2C7kQnYQRX
A48: =VLOOKUP(B48,Feuil1!A:B,2,FALSE()) -> District - Résultat final du laboratoire | B48: bX9jmncMHLC | C48: Suspect, PCR negative/inconclusive | D48: Suspect, PCR negative/inconclusive | E48: NegativePCR | F48: C7X9BEo0Gc1
A49: =VLOOKUP(B49,Feuil1!A:B,2,FALSE()) -> #N/A | B49: KPIgrw9vFHF | C49: Severe | D49: Severe | E49: Severe | F49: c96yflCNhwA
... A106: =VLOOKUP(B106,Feuil1!A:B,2,FALSE()) -> District - sérotype S. pneumoniae | B106: HoNyj7eawmh | C106: 9V | D106: 9V | E106: 9V | F106: ENcflZoXl8H
A107: =VLOOKUP(B107,Feuil1!A:B,2,FALSE()) -> District - sérotype S. pneumoniae | B107: HoNyj7eawmh | C107: 3 | D107: 3 | E107: 3 | F107: enu9aXVLPzJ
A108: =VLOOKUP(B108,Feuil1!A:B,2,FALSE()) -> #N/A | B108: nmj0fFDb8Xn | C108: Shigella - dysenteriae type1 | D108: Shigella - dysenteriae type1 | E108: Shigella - dysenteriae type1 | F108: EnwVlhcFP8D
A109: =VLOOKUP(B109,Feuil1!A:B,2,FALSE()) -> District - Résultat final du laboratoire | B109: bX9jmncMHLC | C109: Not tested | D109: Not tested | E109: NotDone | F109: eoWDNZ7Ni6D
A110: =VLOOKUP(B110,Feuil1!A:B,2,FALSE()) -> #N/A | B110: EUHTH2BvMzO | C110: PV3 SL | D110: PV3 SL | E110: PV3 SL | F110: ErcybQvi80I
A111: =VLOOKUP(B111,Feuil1!A:B,2,FALSE()) -> #N/A | B111: jI0hOmUIEmF | C111: Positive Nm A | D111: Positive Nm A | E111: Positive Nm A | F111: EspkQOlf6LW
A112: =VLOOKUP(B112,Feuil1!A:B,2,FALSE()) -> Type d'échantillon | B112: fkqcoDLvzED | C112: Isolate | D112: Isolate | E112: Isolate | F112: eSSRUiw41oM
A113: =VLOOKUP(B113,Feuil1!A:B,2,FALSE()) -> #N/A | B113: BLiSlEmoEQH | C113: Incomplete investigation | D113: Incomplete investigation | E113: Incomplete | F113: etpkV0wqbQQ
A114: =VLOOKUP(B114,Feuil1!A:B,2,FALSE()) -> District - Aspect de l'échantillon / examen macroscopique (LCR) | B114: LjgDKL4jm5K | C114: Bloody | D114: Bloody | E114: Bloody | F114: EUevWsFNccI
A115: =VLOOKUP(B115,Feuil1!A:B,2,FALSE()) -> District - sérotype S. pneumoniae | B115: HoNyj7eawmh | C115: 19A | D115: 19A | E115: 19A | F115: evF9tQ44mrX
A116: =VLOOKUP(B116,Feuil1!A:B,2,FALSE()) -> District - Sensibilité à la ceftriaxone | B116: jXANIQUFvqc | C116: Sensitive | D116: Sensitive | E116: S | F116: EVYvzEXNFUK
A117: =VLOOKUP(B117,Feuil1!A:B,2,FALSE()) -> Suivi / niveau laboratoire | B117: VxdyTZMq4fz | C117: National | D117: National | E117: National | F117: ewuzmME1qFp
A118: =VLOOKUP(B118,Feuil1!A:B,2,FALSE()) -> District - sérotype S. pneumoniae | B118: HoNyj7eawmh | C118: 9N | D118: 9N | E118: 9N | F118: eYfEd3raSPZ
A119: =VLOOKUP(B119,Feuil1!A:B,2,FALSE()) -> District - sérotype S. pneumoniae | B119: HoNyj7eawmh | C119: 15B/15C | D119: 15B/15C | E119: 15B/15C | F119: F1eM5WiVzJi
... A126: =VLOOKUP(B126,Feuil1!A:B,2,FALSE()) -> District - sérotype S. pneumoniae | B126: HoNyj7eawmh | C126: 17F | D126: 17F | E126: 17F | F126: Fh7dnfV427M
A127: =VLOOKUP(B127,Feuil1!A:B,2,FALSE()) -> District - sérotype S. pneumoniae | B127: HoNyj7eawmh | C127: 34 | D127: 34 | E127: 34 | F127: fLdpFIZ1ZdG
A128: =VLOOKUP(B128,Feuil1!A:B,2,FALSE()) -> #N/A | B128: LrneYsPjbbn | C128: PV3 Sabin-like | D128: PV3 Sabin-like | E128: PV3 Sabin-like | F128: FnsVOaML1EM
A129: =VLOOKUP(B129,Feuil1!A:B,2,FALSE()) -> #N/A | B129: yedqDUUiHGU | C129: Turbid | D129: Turbid | E129: T | F129: FpIhfRyeZ7J
A130: =VLOOKUP(B130,Feuil1!A:B,2,FALSE()) -> District - sérotype S. pneumoniae | B130: HoNyj7eawmh | C130: 12F | D130: 12F | E130: 12F | F130: fptrzTFUsJd
A131: =VLOOKUP(B131,Feuil1!A:B,2,FALSE()) -> #N/A | B131: RCrmE3oAp7F | C131: AH1pdm09 | D131: AH1pdm09 | E131: AH1pdm09 | F131: FvyUfaoCqsn
A132: =VLOOKUP(B132,Feuil1!A:B,2,FALSE()) -> Type d'échantillon | B132: fkqcoDLvzED | C132: Pleural fluid | D132: Pleural fluid | E132: Pleural | F132: fXwQZkiKxcS
A133: =VLOOKUP(B133,Feuil1!A:B,2,FALSE()) -> District - sérotype S. pneumoniae | B133: HoNyj7eawmh | C133: 9V/9A | D133: 9V/9A | E133: 9V/9A | F133: fY6DsKfymLW
A134: =VLOOKUP(B134,Feuil1!A:B,2,FALSE()) -> District - sérotype S. pneumoniae | B134: HoNyj7eawmh | C134: 11A/11D | D134: 11A/11D | E134: 11A/11D | F134: G3htfTNUFbT
A135: =VLOOKUP(B135,Feuil1!A:B,2,FALSE()) -> #N/A | B135: eZgPfa88uNG | C135: Invalid | D135: Invalid | E135: Invalid | F135: g83UlHaF51o
A136: =VLOOKUP(B136,Feuil1!A:B,2,FALSE()) -> District - sérotype S. pneumoniae | B136: HoNyj7eawmh | C136: 6A/6B | D136: 6A/6B | E136: 6A/6B | F136: gBpABR936vr
A137: =VLOOKUP(B137,Feuil1!A:B,2,FALSE()) -> District - sérotype S. pneumoniae | B137: HoNyj7eawmh | C137: 35B | D137: 35B | E137: 35B | F137: gcDzU1Pxk7h
A138: =VLOOKUP(B138,Feuil1!A:B,2,FALSE()) -> District - Résultat final du laboratoire | B138: bX9jmncMHLC | C138: aVDPV | D138: aVDPV | E138: aVDPV | F138: gCgVCpQmqFj
A139: =VLOOKUP(B139,Feuil1!A:B,2,FALSE()) -> #N/A | B139: BLiSlEmoEQH | C139: Confirmed measles by epi linkage | D139: Confirmed measles by epi linkage | E139: CE | F139: ggwuNatZSDx
... A199: =VLOOKUP(B199,Feuil1!A:B,2,FALSE()) -> #N/A | B199: UjylMjMKDCO | C199: PV2 Sabin-like | D199: PV2 Sabin-like | E199: PV2 Sabin-like | F199: j91df3LLqnd
A200: =VLOOKUP(B200,Feuil1!A:B,2,FALSE()) -> District - sérotype S. pneumoniae | B200: HoNyj7eawmh | C200: 20 | D200: 20 | E200: 20 | F200: j9bg51D2b0x
A201: =VLOOKUP(B201,Feuil1!A:B,2,FALSE()) -> District - Résultat final du laboratoire | B201: bX9jmncMHLC | C201: CHIK | D201: CHIK | E201: CHIK | F201: JaFOJxgrbNg
A202: =VLOOKUP(B202,Feuil1!A:B,2,FALSE()) -> District - sérotype S. pneumoniae | B202: HoNyj7eawmh | C202: 10A | D202: 10A | E202: 10A | F202: JArMXhy67fe
A203: =VLOOKUP(B203,Feuil1!A:B,2,FALSE()) -> District - Résultat final du laboratoire | B203: bX9jmncMHLC | C203: Spn | D203: Spn | E203: Spn | F203: jchTQrwLcbi
A204: =VLOOKUP(B204,Feuil1!A:B,2,FALSE()) -> #N/A | B204: WVFnOWWz9Tt | C204: Not Required | D204: Not Required | E204: Not Required | F204: JdD2JHAmsUv
A205: =VLOOKUP(B205,Feuil1!A:B,2,FALSE()) -> #N/A | B205: RCrmE3oAp7F | C205: AH7N9 | D205: AH7N9 | E205: AH7N9 | F205: JF5QXE3gxsI
A206: =VLOOKUP(B206,Feuil1!A:B,2,FALSE()) -> #N/A | B206: cvrVhS1BZ4I | C206: 1J | D206: 1J | E206: 1J | F206: jfFFbfWAh9K
A207: =VLOOKUP(B207,Feuil1!A:B,2,FALSE()) -> #N/A | B207: RCrmE3oAp7F | C207: A non sous-typable | D207: A non sous-typable | E207: sous-typable | F207: JFSySaw276v
A208: =VLOOKUP(B208,Feuil1!A:B,2,FALSE()) -> District - Résultat de l'agglutination du latex | B208: IiInVS6fKH3 | C208: NmX | D208: NmX | E208: NmX | F208: jhW4XY6kHlc
A209: =VLOOKUP(B209,Feuil1!A:B,2,FALSE()) -> District - Nom du laboratoire | B209: hN5qrbGeYnF | C209: AEROPORT AIGE | D209: AEROPORT AIGE | E209: AEROPORT AIGE | F209: jj7BGmhbbm3
A210: =VLOOKUP(B210,Feuil1!A:B,2,FALSE()) -> District - Résultat final du laboratoire | B210: bX9jmncMHLC | C210: Confirmed Measles | D210: Confirmed Measles | E210: Measles | F210: JJUxQVv1TOi
A211: =VLOOKUP(B211,Feuil1!A:B,2,FALSE()) -> #N/A | B211: WtONuaMr2V8 | C211: P[8] | D211: P[8] | E211: P[8] | F211: JkM6LrfgHJz
A212: =VLOOKUP(B212,Feuil1!A:B,2,FALSE()) -> #N/A | B212: RdSEF1uUoq8 | C212: PCV10 | D212: PCV10 | E212: PCV10 | F212: jKX5h9oCoT9
... A234: =VLOOKUP(B234,Feuil1!A:B,2,FALSE()) -> #N/A | B234: WtONuaMr2V8 | C234: Mixed (specify) | D234: Mixed (specify) | E234: Mixed (specify) | F234: Kj01FTO59QZ
A235: =VLOOKUP(B235,Feuil1!A:B,2,FALSE()) -> District - sérotype S. pneumoniae | B235: HoNyj7eawmh | C235: 5 | D235: 5 | E235: 5 | F235: Kkl7Qv0sfyu
A236: =VLOOKUP(B236,Feuil1!A:B,2,FALSE()) -> #N/A | B236: nmj0fFDb8Xn | C236: Other enteric bacteria | D236: Other enteric bacteria | E236: Other enteric bacteria | F236: kkye7QzhjfG
A237: =VLOOKUP(B237,Feuil1!A:B,2,FALSE()) -> #N/A | B237: PilmOtK89We | C237: NPENT | D237: NPENT | E237: NPENT | F237: kNEdzSLGWxX
A238: =VLOOKUP(B238,Feuil1!A:B,2,FALSE()) -> #N/A | B238: BLiSlEmoEQH | C238: Lab-confirmed for Nm | D238: Lab-confirmed for Nm | E238: LCN | F238: KoSlBcDsAq0
A239: =VLOOKUP(B239,Feuil1!A:B,2,FALSE()) -> #N/A | B239: OsMEc8XYQJW | C239: PCR | D239: PCR | E239: PCR | F239: KOy9LWEyRa5
A240: =VLOOKUP(B240,Feuil1!A:B,2,FALSE()) -> #N/A | B240: jI0hOmUIEmF | C240: Positive N.Meningitidis | D240: Positive N.Meningitidis | E240: Positive NMeningitidis | F240: KPDbArRE0tO
A241: =VLOOKUP(B241,Feuil1!A:B,2,FALSE()) -> District - sérotype S. pneumoniae | B241: HoNyj7eawmh | C241: 39 | D241: 39 | E241: 39 | F241: kppLaZjPG3Z
A242: =VLOOKUP(B242,Feuil1!A:B,2,FALSE()) -> #N/A | B242: jtUYIJ1a160 | C242: Agitated, irritable | D242: Agitated, irritable | E242: Agitated irritable | F242: krE4bq1ZowP
A243: =VLOOKUP(B243,Feuil1!A:B,2,FALSE()) -> Type d'échantillon | B243: fkqcoDLvzED | C243: Biopsie | D243: Biopsie | E243: Biopsie | F243: kRyPSNzKk9v
A244: =VLOOKUP(B244,Feuil1!A:B,2,FALSE()) -> #N/A | B244: D2nDOyAt047 | C244: B Yamagata | D244: B Yamagata | E244: Yamagata | F244: Ks5VYYJ3JWy
A245: =VLOOKUP(B245,Feuil1!A:B,2,FALSE()) -> #N/A | B245: Wgr1kRMrPMu | C245: Residual Spastic paralysis | D245: Residual Spastic paralysis | E245: Residual Spastic paralysis | F245: KtG33RVjSZK
A246: =VLOOKUP(B246,Feuil1!A:B,2,FALSE()) -> #N/A | B246: LJfPj1oVhpe | C246: G-Non typable | D246: G-Non typable | E246: G-Non typable | F246: KTwTKb8UFOu
A247: =VLOOKUP(B247,Feuil1!A:B,2,FALSE()) -> #N/A | B247: tDQV97BqtOn | C247: up-to-date | D247: up-to-date | E247: up-to-date | F247: kuZiF6L0sMY
A248: =VLOOKUP(B248,Feuil1!A:B,2,FALSE()) -> District - sérotype S. pneumoniae | B248: HoNyj7eawmh | C248: 12F/12A/12B/44/46 | D248: 12F/12A/12B/44/46 | E248: 12F/12A/12B/44/47 | F248: kwaz8w1DGWo
A249: =VLOOKUP(B249,Feuil1!A:B,2,FALSE()) -> #N/A | B249: TCkMi6KIewV | C249: Cryotube | D249: Cryotube | E249: Cryotube | F249: KxAV0lRHpV2
A250: =VLOOKUP(B250,Feuil1!A:B,2,FALSE()) -> #N/A | B250: CNergQ2XwX8 | C250: Diverse food | D250: Diverse food | E250: Diverse food | F250: KxGlmMqXhHB
A251: =VLOOKUP(B251,Feuil1!A:B,2,FALSE()) -> District - sérotype S. pneumoniae | B251: HoNyj7eawmh | C251: 15B | D251: 15B | E251: 15B | F251: kXm8ZSUdXnK
A252: =VLOOKUP(B252,Feuil1!A:B,2,FALSE()) -> #N/A | B252: BLiSlEmoEQH | C252: Investigated | D252: Investigated | E252: Investigated | F252: KXvZmlYnCge
A253: =VLOOKUP(B253,Feuil1!A:B,2,FALSE()) -> #N/A | B253: a8D2Fq2EYEP | C253: Unknown | D253: Unknown | E253: Unknown | F253: kYUDV9aL8C1
... A305: =VLOOKUP(B305,Feuil1!A:B,2,FALSE()) -> #N/A | B305: BdD4DX69BEn | C305: Négatif | D305: Négatif | E305: Négatif | F305: nAkdXbFygCV
A306: =VLOOKUP(B306,Feuil1!A:B,2,FALSE()) -> District - sérotype S. pneumoniae | B306: HoNyj7eawmh | C306: 1 | D306: 1 | E306: 1 | F306: NBdDIRa3Rm5
A307: =VLOOKUP(B307,Feuil1!A:B,2,FALSE()) -> District - sérotype S. pneumoniae | B307: HoNyj7eawmh | C307: 35F/47F | D307: 35F/47F | E307: 35F/47F | F307: NBtkP5CDiAg
A308: =VLOOKUP(B308,Feuil1!A:B,2,FALSE()) -> Vaccin reçu : Hib | B308: XOcfBHNE685 | C308: Unknown | D308: Unknown | E308: Unknown | F308: NbTynoh1k1q
A309: =VLOOKUP(B309,Feuil1!A:B,2,FALSE()) -> #N/A | B309: SmahTeICHlF | C309: Long | D309: Long | E309: Long | F309: ncL8e0DMIdO
A310: =VLOOKUP(B310,Feuil1!A:B,2,FALSE()) -> #N/A | B310: CEqvelCALbO | C310: Negative | D310: Negative | E310: Negative | F310: NEvFZuP03v5
A311: =VLOOKUP(B311,Feuil1!A:B,2,FALSE()) -> District - Nom du laboratoire | B311: hN5qrbGeYnF | C311: CHR SOKODE | D311: CHR SOKODE | E311: CHR SOKODE | F311: NEx6diIxOLN
A312: =VLOOKUP(B312,Feuil1!A:B,2,FALSE()) -> #N/A | B312: jI0hOmUIEmF | C312: Positive Strep pn | D312: Positive Strep pn | E312: Positive Strep pn | F312: NfDTQxUb4VF
A313: =VLOOKUP(B313,Feuil1!A:B,2,FALSE()) -> District - Résultat final du laboratoire | B313: bX9jmncMHLC | C313: cVDPV | D313: cVDPV | E313: cVDPV | F313: nFwZj8UuuK3
A314: =VLOOKUP(B314,Feuil1!A:B,2,FALSE()) -> #N/A | B314: BLiSlEmoEQH | C314: Non Cas | D314: Non Cas | E314: NonCas | F314: NG6vY3P52pQ
A315: =VLOOKUP(B315,Feuil1!A:B,2,FALSE()) -> #N/A | B315: EsVnMVlYZjx | C315: Vaccination card | D315: Vaccination card | E315: Vaccination card | F315: niVrGR1pQlz
...

Sheet hiddenWs
E1: Abyei | H1: Centroid Admin1 | I1: Alexandria Digital Library | L1: Active | N1: Aethina tumida is present in some bordering states of the United States. | Q1: Abalone Herpes | R1: 1 | S1: Confirmed | T1: ADT1 | U1: Captive - Amphibians | V1: Abalones | W1: Backyard/garden | AC1: No | AD1: Aesculine dihydrolase test | AF1: Afghanistan @ Central Veterinary Diagnostic and Research Laboratory (CVDRL) @ Kabul | AH1: Inconclusive | AI1: A ban has been placed on livestock and meat products entering or leaving its boundaries
E2: Afghanistan | H2: Centroid Admin2 | I2: Astodienst program | L2: CAHO | N2: Aethina tumida is present in some bordering states of the United States of America. | Q2: Acarapisosis of honey bees | R2: 10 | S2: Denied | T2: ADT2 | U2: Captive - Arthropod | V2: Accipiter gentilis | W2: Backyard/garden - Bird shop | AC2: Unknown | AD2: Agar-gel immunodiffusion (AGID) | AF2: Afghanistan @ Central diagnostic laboratory @ Kabul | AH2: Negative | AI2: All animals are aso killed to contain the outbreak
E3: Aksai Chin | H3: Centroid Admin3 | I3: CDrom WHO/UNICEF | L3: GDS | N3: After eating undercooked infected pork, blood paste | Q3: African horse sickness | R3: 11 | S3: Suspected | T3: ADT3 | U3: Captive - Birds | V3: Accipitridae (incognita) | W3: Backyard/rooftop - Household | AC3: Yes | AD3: Agar-gel precipitation (AGP) | AF3: Albania @ Veterinary Research Institute in Tirana @ Tirana | AH3: Not Testable | AI3: All the entry of border along the district have been sealed
E4: Albania | H4: Centroid Locality | I4: Collins Maps | L4: Passive | N4: After handling the carcass of a sick cow | Q4: African swine fever | R4: 12 | T4: Animal Health Inspector (AHI) | U4: Captive - Crustaceans | V4: Accipitridae (unidentified):Accipitridae (incognita)(Accipitridae) | W4: Backyard/rooftop - Village | AD4: Anatomo-pathological examination | AF4: Algeria @ Central Veterinary Laboratory, Algiers @ Algiers | AH4: Pending | AI4: Ante and post mortem inspection
E5: Algeria | H5: Exact | I5: Encyclopedia | L5: PDS | N5: Airborne spread | Q5: Akabane Disease | R5: 13 | T5: ATO | U5: Captive - Environmental sample | V5: African black Oystercatcher (Haematopus moquini) | W5: Breeding and released for hunting | AD5: Antibody detection ELISA | AF5: Algeria @ Laboratoire Vétérinaire Régional de Tlemcem @ Tlemcem | AH5: Positive | AI5: Ban all livestock products entering or exiting that farm
E6: American Samoa | H6: Unknown | I6: ESRI Web Site | L6: Routine | N6: Animal/dog bite | Q6: Algal bloom of micrcystics | R6: 14 | T6: Central TVLA (TVLA) | U6: Captive - Fish | V6: African fish eagle (Haliaeetus vocifer) | W6: Commercial | AD6: Antigen detection ELISA | AF6: Argentina @ Gerencia de Laboratorios (GELAB) @ Buenos Aires | AI6: Ban of importation of live poultry
E7: Andorra | I7: FAO field officer | L7: Sentinel | N7: Animals in an area of anthrax-infected fields | Q7: American foulbrood of honey bees | R7: 15 | T7: Central Veterinary Laboratory-Head Office (CVL) | U7: Captive - Mammal | V7: African goshawk | W7: Commercial - Bird shop | AD7: Arginine dihydrolase test | AF7: Argentina @ Instituto de Bacteriología @ Morón- Provincia de Buenos Aires | AI7: Ban of transport of eggs and poultry
E8: Angola | I8: FAO Officer | N8: Animals infected at quarantine | Q8: Amyloodinium spp infection | R8: 16 | T8: Chief Animal health Inspector (CAHI) | U8: Captive - Mollusks | V8: African Jacana | W8: Commercial - Breeding | AD8: Bacteriological examination | AF8: Argentina @ Instituto de Bacteriología, Centro de Investigaciones en Ciencias Veterinarias (CICV), @ Morón- Provincia de Buenos Aires | AI8: Ban on importing live animals and meats
E9: Anguilla | I9: GAUL 2007 | N9: Animals in transit | Q9: Anaplasma spp | R9: 17 | T9: CNASA | U9: Captive - Reptiles | V9: African masked weaver (Ploceus velatus) | W9: Commercial - Broiler | AD9: Brucellosis test | AF9: Argentina @ Institutos de Patobiología y Virología, Centro de Investigaciones en Ciencias Veterinarias y Agronómicas (CICVyA) @ Buenos Aires | AI9: Ban on transporting animals
E10: Antarctica | I10: Geonames | N10: Circulation of the virus in the Wild animal | Q10: Anthrax | R10: 18 | T10: Community Animal Health Worker (CAHW) | U10: Domestic - Amphibians | V10: African penguin (Spheniscus demersus) | W10: Commercial - Dairy | AD10: BSE Antigen Test kit | AF10: Argentina @ Laboratorio de Leptospirosis @ Buenos Aires | AI10: Breeders who have lost their pigs to the pandemic are being forced to slaughter their entire herd
E11: Antigua and Barbuda | I11: Global Gazetteer Version 2 | N11: Contact after eating infected carcasses | Q11: Arena virus | R11: 19 | T11: DAP | U11: Domestic - Arthropod | V11: African Rabbit (Oryctolagus cuniculus) | W11: Commercial - Dual purpose | AD11: Buffy coat examination | AF11: Argentina @ Malbrán Institute | AI11: Burial
E12: Argentina | I12: Google Earth | N12: Contact with affected animals | Q12: Aspergillosis | R12: 2 | T12: DD/DR | U12: Domestic - Birds | V12: African Rail | W12: Commercial - Fattening | AD12: Butter fat test | AF12: Argentina @ National Agricultural Technology Institute (INTA), Castelar @ Buenos Aires | AI12: Burning
E13: Armenia | I13: GPS | N13: Contact with animals and pigs | Q13: Atkinsiella spp | R13: 20 | T13: Director of Forestry | U13: Domestic - Crustaceans | V13: African sacred ibis (Threskiornis aethiopicus) | W13: Commercial - Free range | AD13: Calcium test in feed | AF13: Argentina @ National Institute of Human Viral Diseases "Dr. Julio I. Maistegui" @ Buenos Aires | AI13: Carry out in all markets and shops in Bishkek where meat and other livestock products are sold
E14: Aruba | I14: Map | N14: Contact with animals at market/slaughterhouses | Q14: Atresia Ani | R14: 21 | T14: Director of Livestock and Veterinary Services | U14: Domestic - Environmental sample | V14: African Yellow White-eye | W14: Commercial - Game farm | AD14: Carbohydrate fermintation test | AF14: Argentina @ Servicio national de sanidad e qualidad agroalimentaria (SENASA) | AI14: Cleaning
E15: Arunachal Pradesh | I15: maplandia.com | N15: Contact with asymptomatic animals | Q15: Atrophic Rhinitis (AR) | R15: 22 | T15: District Agriculture Officer (DAO) | U15: Domestic - Fish | V15: Allen's gallinule | W15: Commercial - Hatchery | AD15: Casein hydrolysis test | AF15: Argentina @ Zoonosis Institute "Dr Luis Pasteur", Buenos Aires @ Buenos Aires | AI15: Closure of livestock markets
E16: Ashmore and Cartier Islands | I16: National Government | N16: Contact with backyard poultry | Q16: Aujeszky's disease | R16: 23 | T16: DLO1 | U16: Domestic - Mammal | V16: Alpaca | W16: Commercial - Layer | AD16: Catalase test | AF16: Armenia @ National Laboratory of Armenia | AI16: Closure of slaughtering premises
E17: Australia | I17: NIMA | N17: Contact with chicken eggs | Q17: Avian chlamydiosis | R17: 24 | T17: DLO2 | U17: Domestic - Mollusks | V17: American badger | W17: Commercial - Live market | AD17: Centrifugation test | AF17: Armenia @ Republican Veterinary Antiepizootic and Diagnostic Center (national laboratory) - Armenia | AI17: Closure of the shop
E18: Austria | I18: OIE | N18: Contact with contaminated farming equipment, vehicles, clothing, or feed | Q18: Avian infectious bronchitis | R18: 3 | T18: DNSV | U18: Domestic - Reptiles | V18: American Crow (Corvus Brachyrhynchos) | W18: Commercial - Meat | AD18: Citrate testVoges proskaeur test | AF18: Australia @ Asia Pacific Center for Animal Health (APCAH) @ Melbourne | AI18: Confiscation
E19: Azerbaijan | I19: Other | N19: Contact with dead backyard poultry | Q19: Avian infectious laryngotracheitis | R19: 4 | T19: DPASV | U19: Wild - Amphibians | V19: American Green-winged teal | W19: Commercial - Parent stock | AD19: Coagulate test | AF19: Australia @ Australian Animal Health Laboratory (AAHL), Geelong VIC 3220, Australia | AI19: Control of arthropods
... E21: Bahamas | I21: Wikipédia | N21: Contact with humans | Q21: Avian mycoplasmosis (M. synoviae) | R21: 6 | T21: DVO1 | U21: Wild - Birds | V21: American White Pelican (Pelecanus erythrorhynchos):Pelecanidae-Phaethontiformes | W21: Commercial - Wool / Hair | AD21: Competitive ELISA (c-ELISA) | AF21: Australia @ Australian Quarantine and Inspection Service-AQIS | AI21: Control of wildlife reservoirs
E22: Bahrain | N22: Contact with infected animal at grazing/watering | Q22: Avian mycoplasmosis (M. synsheepae) | R22: 7 | T22: DVO2 | U22: Wild - Crustaceans | V22: American wigeon | W22: Hunting bird | AD22: Complement fixation test (CFT) | AF22: Australia @ Berrimah Veterinary Laboratories | AI22: Coordination with local authorities
E23: Baker Island | N23: Contact with infected animals | Q23: Avian tuberculosis | R23: 8 | T23: DVO3 | U23: Wild - Environmental sample | V23: Amur Tiger | W23: Pet | AD23: Culture for Mycoplasma | AF23: Australia @ CSIRO Animal Production @ Geelong | AI23: Culling
E24: Bangladesh | N24: Contact with infected animal (s) | Q24: Babesia spp | R24: 9 | T24: DVS | U24: Wild - Fish | V24: Anatidae (incognita) | W24: Rehabilitation center | AD24: Det Birbright | AF24: Australia @ Commonwealth Scientific and Industrial Research organisation -Australian Animal Health Laboratory @ Geelong | AI24: Culling of affected animals only
E25: Barbados | N25: Contact with infected area | Q25: Bacterial Enteric Diseases | R25: A | T25: EC | U25: Wild - Mammal | V25: Anser caerulescens: ( snow goose ) | W25: Smallholder | AD25: Direct fluorescent antibody (FAT) test | AF25: Australia @ Elizabeth Macarthur Agriculture Institute (EMAI)Virology Laboratory @ Narellan | AI25: Destruction
E26: Bassas da India | N26: Contact with live poultry in a market | Q26: Bacterial kidney disease (Renibacterium salmoninarum) | R26: APMV-I | T26: EIOS | U26: Wild - Mollusks | V26: Anserinae (unidentified):Anserinae (incognita)(Anatidae) | W26: Smallholder - Breeding | AD26: Direct immunofluorescence (DIF) | AF26: Australia @ University of Queensland @ Queensland | AI26: Destruction of carcasses
E27: Belarus | N27: Contact with poultry | Q27: Bacterial Meningitis | R27: Asia 1 | T27: Epi Unit (DVS) | U27: Wild - Reptiles | V27: Antelope | W27: Smallholder - Dairy | AD27: Direct rapid immunohistochemical test (DRIT) | AF27: Austria @ Austrian Agency for Health and Food Safety (AGES) @ Vienna | AI27: Dipping / Spraying
E28: Belgium | N28: Contact with poultry production | Q28: Bactrial necrosis/shell disease Filamentous bacterial diseases | R28: C | T28: FAO ECTAD RAF | V28: Antillean manatee (Trichecus manatus manatus) | W28: Smallholder - Dual purpose | AD28: Direct smear examination | AF28: Austria @ FAO/IAEA Central Laboratory for ELISA and Molecular Techniques in Animal Disease Diagnosis | AI28: Disinfection
E29: Belize | N29: Contact with poultry raised in the neighbourhood. | Q29: Baculovirus infection | R29: H10N3 LPAI | T29: FAO Field Officer | V29: Apis mellifera litorea | W29: Smallholder - Meat | AD29: Egg inoculaton | AF29: Azerbaijan @ National Laboratory, Bakou @ Bakou | AI29: Disinfection / Disinfestation
E30: Benin | N30: Contact with quails' eggs | Q30: Batrachochytrium dendrobatidis | R30: H10N7 LPAI | T30: FAO officer | V30: Arctic skua (or parasitic jaeger) | W30: Smallholder - Wool / Hair | AD30: Electroimmunotransfer blot assay (EITB) | AF30: Azerbaijan @ Reference Veterinary Laboratory | AI30: Education, Information and Communication
E31: Bermuda | N31: Contact with sick and dead poultry | Q31: Beetles | R31: H10N8 LPAI | T31: FAO-Report | V31: Arctic tern (Sterna paradisea) | W31: Zoo | AD31: Electron microscopy | AF31: Azerbaijan @ Republic Veterinary Laboratory | AI31: Exposure to sick and dead poultry
E32: Bhutan | N32: Contact with sick and/or dead poultry | Q32: Blackleg | R32: H1N1 | T32: Ghana Health Service | V32: Ardeidae (unspecified) | AD32: ELISA 3ABC | AF32: Azerbaijan @ State Veterinary Laboratory, Baku @ Baku | AI32: Exposure to sick and/or dead poultry
E33: Bird Island | N33: Contact with sick animals | Q33: Bluetongue | R33: H1N2 | T33: GLEWS officer | V33: Arenaria interpres | AD33: Entomological investigations | AF33: Bahrain @ National Veterinary Diagnostic Laboratory (Bahrain) | AI33: Exposure to sick or dead poultry
E34: Bolivia (Plurinational State of) | N34: Contact with sick or dead animals | Q34: Bonamia exitiosa | R34: H2N2 LPAI | T34: GPHIN | V34: Armenian gull (Larus armenicus) | AD34: Enzyme-linked immunosorbent assay (ELISA) | AF34: Bangladesh @ Bangladesh Livestock Research Institute @ Dhaka | AI34: Flooding associated with mosquito multiplication
E35: Bosnia and Herzegovina | N35: Contact with sick poultry | Q35: Bonamia ostreae | R35: H3 LPAI | T35: Health Map | V35: Asian Golden Weaver | AD35: Enzym immunoassay (EIA) membrane test | AF35: Bangladesh @ Bangladesh Livestock Research Institute, Bangladesh | AI35: General Surveillance
E36: Botswana | N36: Contact with sick or dead poultry | Q36: Botulism | R36: H3N1 | T36: International reference laboratory | V36: Asian Openbill | AD36: Floatation test | AF36: Bangladesh @ Central Disease Investigation Laboratory @ Dhaka | AI36: Implement capture of vampire bats
E37: Bouvet Island | N37: Contact with spores in the soil | Q37: Bovine anaplasmosis | R37: H3N1 LPAI | T37: LANADA | V37: Asiatic golden cat (Catopuma temminckii) | AD37: Fluorescent antibody virus | AF37: Bangladesh @ Field Disease Investigation Laboratory, Gaibandha @ Gaibandha | AI37: Imposure of a ban of consumption
E38: Brazil | N38: Contact with wild birds | Q38: Bovine babesiosis | R38: H3N2 | T38: LCV | V38: Baboon | AD38: FMDV NON- Structural Proteins | AF38: Bangladesh @ Field Disease Investigation Laboratory, Joypurhat @ Joypurhat | AI38: Isolation of the affected animal
E39: British Indian Ocean Territory | N39: Contact with wildlife | Q39: Bovine cysticercosis | R39: H3N8 | T39: Livestock Assistant | V39: Bactrian camel (Camelus bactrianus) | AD39: FMDV Structural Proteins | AF39: Bangladesh @ Institut of Epidemiology Disease Central and Research (IEDCR) | AI39: Isolation of the affected area
E40: British Virgin Islands | N40: Contact with wild species | Q40: Bovine genital campylobacteriosis | R40: H3N8 HPAI | T40: Livestock Inspector | V40: Badger | AD40: Fuorescence polarisation assay (FPA) | AF40: Belgium @ CARVA @ Liège | AI40: Maintain strict control of slaughter, sale, movement of poultry and poultry products in the communes
E41: Brunei Darussalam | N41: Contaminated animal products | Q41: Bovine spongiform encephalopathy | R41: H3N8 LPAI | T41: Livestock officer | V41: Baillon's Crake | AD41: Gelatin hydrolysis test | AF41: Belgium @ CER MARLOIE @ Namur | AI41: Modified stamping out
E42: Bulgaria | N42: Contaminated manure | Q42: Bovine tuberculosis | R42: H5 HPAI | T42: Management Information Systems (MIS) | V42: Bald Eagle (Haliaeetus Leucocephalus) | AD42: Gene sequencing | AF42: Belgium @ Centre d'’Etudes et de Recherches Vétérinaires et Agrochimiques de Ukkel @ Brussels | AI42: Monitoring
E43: Burkina Faso | N43: Direct contact with secretions from diseased pigs via open wounds or respiratory tracts | Q43: Bovine viral diarrhoea | R43: H5 LPAI | T43: Media | V43: Banteng (Bos javanicus) | AD43: Giemsa staining | AF43: Belgium @ De Clercq Kris | AI43: Movement control inside the country
... E62: Congo | N62: Legal movement of animals | Q62: Contagious agalactia | R62: H7N1 HPAI | T62: ZVC (DVS) | V62: Black-bellied Plover | AD62: Indirect sandwich ELISA | AF62: Brazil @ Laboratory of the State Secretariat of Agriculture @ Niterói | AI62: Prohibit the movement of poultry and poultry products from areas
E63: Cook Islands | N63: Livestock Market | Q63: Contagious bovine pleuropneumonia | R63: H7N1 LPAI | V63: Black-billed Magpie (Pica hudsonia): | AD63: Indole test | AF63: Brazil @ Laboratório Nacional de Apoio Agropecuário (LANAGRO-PE) (National laboratory) | AI63: Public awareness campaign,
E64: Costa Rica | N64: Management practices | Q64: Contagious caprine pleuropneumonia | R64: H7N2 HPAI | V64: Black-browed Reed Warbler | AD64: Inoculation test | AF64: Brazil @ National Agricultural Laboratory (LANAGRO-SP), São Paulo (National Laboratory) @ São Paulo | AI64: Quarantine
E65: Côte d'Ivoire | N65: May be due to migratory birds' droppings. | Q65: Contagious Ecthyma | R65: H7N2 LPAI | V65: Black-cappedChickadee | AD65: In situ hybridisation (ISH) | AF65: Brazil @ Paddock Laboratorio de Análisis Clínicos @ Sao Paulo | AI65: Remove all the birds to the Department's animal management centre
E66: Croatia | N66: Migration of wild birds | Q66: Contagious equine metritis | R66: H7N3 HPAI | V66: Black collared starling | AD66: Intracerebral pathogenicity index (ICPI) test | AF66: Brazil @ Panamerican Foot-and-Mouth Disease Center, PANAFTOSA @ Rio de Janeiro | AI66: Restrictions on meat imports
E67: Cuba | N67: Most likely, contact with people | Q67: COVID-19 (SARS-COV-2) | R67: H7N3 LPAI | V67: Black coucal | AD67: Intravenous pathogenicity index (IVPI) test | AF67: Bulgaria @ FMD National Reference Laboratory | AI67: Ring vaccination
E68: Cyprus | N68: Other | Q68: Crayfish plague (Aphanomyces astaci) | R68: H7N4 LPAI | V68: Black Crake | AD68: Isoenzyme studies | AF68: Bulgaria @ Laboratoire national de référence pour les maladies des poissons et des mollusques bivalves | AI68: Routine vaccination
E69: Czechia | N69: Possible contact with wild birds | Q69: Crimean Congo haemorrhagic fever | R69: H7N6 LPAI | V69: Black-faced spoonbill (Platalea minor) | AD69: Izsler Ag | AF69: Bulgaria @ NRL for AI and ND | AI69: Sanitary cordon
E70: Democratic People's Republic of Korea | N70: Potential contact with wildlife | Q70: Cysticercosis | R70: H7N7 | V70: Black-footed ferret | AD70: Izsler Elisa | AF70: Bulgaria @ National Diagnostic and Research Veterinary Institute, Sofia @ Sofia | AI70: Screening
E71: Democratic Republic of the Congo | N71: Presumed to be the pasture | Q71: Dengue | R71: H7N7 HPAI | V71: Black headed gull (Chroicocephalus ridibundus) | AD71: Liquid-phase (LP) blocking ELISA | AF71: Bulgaria @ National Reference Laboratory for Bluetongue | AI71: Screening and zoning
E72: Denmark | N72: Probably former burial of animals | Q72: Dermatophilosis | R72: H7N7 LPAI | V72: Black-headed Gull (Chroicocephalus ridibundus):Laridae-Charadriiformes | AD72: Luminescence immunoassay | AF72: Bulgaria @ National Reference Laboratory for Brucellosis | AI72: Selective killing and disposal
E73: Djibouti | N73: Probably, hunted wild ducks and geese | Q73: Distomatosis | R73: H7N8 LPAI | V73: Black-headed heron (Ardea melanocephala) | AD73: Lysine decarboxylate test | AF73: Bulgaria @ National Reference Laboratory for Classical Swine Fever (National laboratory) | AI73: Set up quarantine five stations along main streets
E74: Dominica | N74: Processing slaughtering | Q74: Dourine | R74: H7N9 HPAI | V74: Black-headed Munia | AD74: Mallein test | AF74: Bulgaria @ National Reference Laboratory for Classical Swine Fever and African Swine Fever | AI74: Slaughter
... E93: Gabon | N93: Transboundary migration of wild boars | Q93: Epizootic haemorrhagic disease | R93: SAT3 | V93: Brown Hare | AD93: Oxidase test | AF93: Canada @ CFIA - Animal Diseases Research Institute @ Ottawa | AI93: Vector surveillance
E94: Gambia | N94: Transboundary spread | Q94: Epizootic lymphangitis | V94: Brown-headed gull (Chroicocephalus brunnicephalus) | AD94: Parasitological examination | AF94: Canada @ CFIA - National Centre for Animal Disease @ Lethbridge | AI94: Zoning
E95: Gaza Strip | N95: Transhumant animal | Q95: Epizootic ulcerative syndrome | V95: Brown-throated Martin | AD95: Pathogen isolation by egg inoculation | AF95: Canada @ CFIA - Saskatchewan @ Sasktoon
E96: Georgia | N96: Transmission from humans | Q96: Equine Encephalomyelitis (East and West) | V96: Buffaloe | AD96: Pathogen isolation on cell culture | AF96: Canada @ CFIA National Center for Foreign Animal Diseases @ Winnipeg
E97: Germany | N97: Under investigation | Q97: Equine encephalomyelitis (Eastern) | V97: Buff spotted crake | AD97: PH test ( feeds,semen) | AF97: Canada @ CFIA-NCAD-National Centre for Foreign Animal Diseases @ Winnipeg
E98: Ghana | N98: Unknown or inconclusive | Q98: Equine encephalomyelitis (Western) | V98: Busard pâle | AD98: Phylogenetic analysis | AF98: Canada @ Canadian National Collection of Insects, Agriculture and Agri-Food Canada @ Alberta
E99: Gibraltar | N99: Vampire bats | Q99: Equine encephalosis | V99: Bush Fowl | AD99: Plaque reduction neutralisation test (PRN) | AF99: Canada @ Centre for Aquatic Health Science @ Charlottetown
E100: Glorioso Islands | N100: Vectors | Q100: Equine infectious anaemia | V100: Buzzard | AD100: Polymerase chain reaction (PCR) | AF100: Canada @ Collection Nationale Canadienne des Insectes - Agriculture et Agro-alimentaire Canada @ Quebec
E101: Greece | N101: Wild strains of Brucella Melitensis | Q101: Equine lymphangitis | V101: Cackling Goose | AD101: Proximate analysis (protein,fat,NFE,fiber and moisture) | AF101: Canada @ Department of Fisheries and Oceans, Pacific Biological Station @ Nanaimo
E102: Greenland | Q102: Equine piroplasmosis | V102: Camelidae (unidentified) | AD102: Rapid aggulutination test | AF102: Canada @ Laboratoire de recherche apicole de l'USDA-ARS (Département fédéral de l'agriculture-Service de recherche agricole) @ Quebec
E103: Grenada | Q103: Equine rhinopneumonitis | V103: Canada Goose:Branta canadensis(Anatidae) | AD103: Rapid serum agglutination (RSA) | AF103: Canada @ Laboratory for Foodborne Zoonoses; Guelph Laboratory, Health Canada @ Guelph
E104: Guadeloupe | Q104: Equine viral arteritis | V104: Canada lynx (Lynx canadensis) | AD104: Rapid tests | AF104: Canada @ Manitoba Agriculture, Food and Rural Initiatives Veterinary Diagnostic Services @ Manitoba
E105: Guam | Q105: Erhlichiosis | V105: Canine | AD105: Real-time PCR | AF105: Canada @ Ministère de l'Agriculture, des Pêcheries et de l'Alimentation du Québec, Sainte-Foy @ Québec
E106: Guatemala | Q106: Erysipelas | V106: Cape cormorant (Phalacrocorax capensis) | AD106: Real-time reverse transcriptase/polymerase chain reaction (RRT-PCR) | AF106: Canada @ National Centre for Foreign Animal Disease (NCFAD), Winnipeg, Manitoba @ Winnipeg
E107: Guernsey | Q107: Escherichia coli | V107: Cape gannet (Morus capensis) | AD107: Reverse transcription - polymerase chain reaction | AF107: Canada @ Pacific Biological Station, Fisheries and Oceans Canada reference laboratory for VHSv @ Ontario
E108: Guinea | Q108: European foulbrood of honey bees | V108: Cape gannet Shy albatross | AD108: Reverse transcription - polymerase chain reaction (RT-PCR) | AF108: Canada @ Provincial TSE Laboratory, Edmonton @ Alberta
E109: Guinea-Bissau | Q109: Food borne disease | V109: Cape teal | AD109: Rose bengal test (RBT) | AF109: Canada @ The Escherichia coli Laboratory (EcL) @ Montreal
E110: Guyana | Q110: Foot and mouth disease | V110: Captive cattle egrets | AD110: Seller's test | AF110: Canada @ University of Guelph, College of Veterinary Medicine and the Fish Health Laboratory @ Ontario
E111: Haiti | Q111: Foot rot | V111: Casmerodiu | AD111: Semen examination | AF111: Central African Republic @ Laboratoire Central Vétérinaire de Bangui @ Bangui
E112: Hala'ib triangle | Q112: Foulbrood of honey | V112: Cats | AD112: Seroneutralisation test (SNT) | AF112: Central African Republic @ Pasteur Institute of Bangui @ Bangui
E113: Heard and McDonald Islands | Q113: Fowl cholera | V113: Cattle | AD113: Serotyping | AF113: Chad @ Laboratoire de Recherches Vétérinaires et Zootechniques de Farcha (LRVZ/F) @ N’Djaména
... E126: Israel | Q126: Hepatitis | V126: Clamorous Reed Warbler | AD126: Ziehl Neelsen test | AF126: China @ China Agricultural University (CAU) Animal Hospital
E127: Italy | Q127: Hernie Embilical | V127: Coati (Gen. Nasua) | AF127: China @ China Animal Disease Control Centre, Beijing @ Beijing
E128: Jamaica | Q128: Horse pox | V128: Cockatiel | AF128: China @ China Animal Health and Epidemiology Center - Qingdao @ Quingdao
E129: Jammu and Kashmir | Q129: Infection with Haplosporidium nelsoni | V129: Collared Pratincole | AF129: China @ China Animal Health and Epidemiology Centre - Bejing @ Beijing
E130: Japan | Q130: Infection with Marteilia refringens | V130: Columbidae (unidentified):Columbidae (incognita)(Columbidae) | AF130: China @ College of Life Science, Institute of Zoology @ Taipei
E131: Jarvis Island | Q131: Infection with Marteilia sydneyi | V131: Common Bulbul | AF131: China @ Department of Microbiology, University of Hong Kong (Regional Reference Laboratory) @ Hong Kong
E132: Jersey | Q132: Infection with Perkinsus marinus | V132: Common Buttonquail | AF132: China @ Foreign Animal Disease Diagnosis Centre, National Animal Quarantine Institute, Qingdao @ Qingdao
E133: Johnston Atoll | Q133: Infection with Xenohaliotis californiensis | V133: Common Carp | AF133: China @ Hong Kong National Influenza Centre, Hong kong
E134: Jordan | Q134: Infectious Bovine Keratoconjunctivitis (Pinkeye) | V134: Common carp (Cyprinus carpio) | AF134: China @ Laboratory for Animal Disease Prevention and Control @ Guangdong
E135: Juan de Nova Island | Q135: Infectious bovine rhinotracheitis | V135: Common coot | AF135: China @ Langzhou Veterinary Research Institute (National Reference Laboratory for FMD) @ Lanzhou
E136: Kazakhstan | Q136: Infectious Bronchitis | V136: Common duiker (Sylvicapra grimmia) | AF136: China @ Lanzhou Laboratory, Lanzhou Veterinary Research Institute
E137: Kenya | Q137: Infectious bursal disease (Gumboro disease) | V137: Common Eider (Somateria mollissima) | AF137: China @ Lanzhou Veterinary Research Institute, National Reference Laboratory for Foot and Mouth Disease
E138: Kingman Reef | Q138: Infectious Coryza | V138: Common Goldeneye:Bucephala clangula(Anatidae) | AF138: China @ Molecular Pathology Laboratory @ Qingdao
... E272: Wake Island | Q272: Yezo virus | V272: Greylag goose | AF272: Guinea-Bissau @ Laboratorio Nacional da Veterinaria @ Bissau
E273: Wallis and Futuna Islands | V273: Greylag Goose:Anser anser(Anatidae) | AF273: Haiti @ Laboratoires des Services vétérinaires nationaux
E274: Western Sahara | V274: Grey Partridge:Perdix perdix(Phasianidae) | AF274: Haiti @ National Veterinary Services Laboratories
E275: Yemen | V275: Gruidae (unidentified):Gruidae (incognita)(Gruidae) | AF275: Honduras @ Epidemiological Research Institute of Honduras
E276: Zambia | V276: Guinea fowl | AF276: Honduras @ Veterinary Medical Research Institute
E277: Zimbabwe | V277: Gull | AF277: Hungary @ Central Agricultural Office, Directorate of Veterinary Medicinal Products. @ Budapest
V278: Haematopodidae (unidentified):Haematopodidae (incognita)(Haematopodidae) | AF278: Hungary @ Central Veterinary Institute (CVI), Debrecen @ Debrecen
V279: Halcón | AF279: Hungary @ Central Veterinary Instutute, Budapest (National Laboratory) @ Budapest
V280: Hamster (Rodentia) | AF280: Hungary @ Veterinary Diagnostic Directorate of CAO (National laboratory)
V281: Harbor Seal (Phoca vitulina):Phocidae-Carnivora | AF281: Iceland @ Institute for Experimental Pathology at Keldur, Iceland (National laboratory)
V282: Hare | AF282: India @ C.Abdul Hakeem College, Aquaculture Biotechnology, DivisionDepartment of Zoology @ Vellore
...
